LOG: Early LOG Init complete
LOG: CONFIG: Loaded config file: tools/carmen-linux.conf
LOG: DOSBox-X's working directory: /home/deniswsrosa/Documents/projects/WhereIS
LOG: Logging init: beginning logging proper. This is the end of the early init logging
LOG: Logging: No logfile was given. All further logging will be discarded.
LOG: DOSBox-X version 2026.01.02 Commit 59915c1 (Linux SDL2 64-bit)
LOG: Prevent capture: 0
LOG: SDL: version 2.32.10, Video x11, Audio pulseaudio
LOG: Host keyboard layout is now  ()
LOG: Mapper keyboard layout is now  ()
LOG: SDL2 reports desktop display mode 720 x 480
LOG: The default output for the video system: opengl
LOG: OpenGL Version : 4.6 (Compatibility Profile) Mesa 26.0.3-1ubuntu1
LOG: Configured windowposition: -
LOG: SDL: Current window pixel format: SDL_PIXELFORMAT_RGB888
LOG: SDL: You are running in 24 bpp mode, this will slow down things!
LOG: Releasing keyboard
LOG: X11 main window is 640 x 400 maximized=0
LOG: X11 extension XRANDR is available
LOG: XRandR CRTC 0: pos=(0,0) size=(720,480) outputs=1
LOG: Our window lies on this CRTC display (window pos=(0,0) size=(640,400) match=(320,200)).
LOG:   Goes to output 0: name='XWAYLAND0' size_mm=(190 x 127)
LOG: Screen report: Method 'XRandR' (720.000 x 480.000 pixels) at (0.000 x 0.000) (190.000 x 127.000 mm) (7.480 x 5.000 in) (96.253 x 96.000 DPI)
LOG: ISA BCLK: 8333333.333Hz (25000000/3)
LOG: monopal: green, 
LOG: Active save slot: 1 [Empty]
LOG: USING AVI+ZMBV
LOG: Max 1073741824 sz 16384
LOG: Final 16384
LOG: Final arrangement: Below 4GB = 16384KB, Above 4GB = 0KB
LOG: ALSA seq enum: id=0 name="System" ports=2 type="kernel"
LOG: ALSA seq enum: id=14 name="Midi Through" ports=1 type="kernel"
LOG: ALSA seq enum: id=128 name="Client-128" ports=0 type="user"
LOG: ALSA seq enum: id=144 name="PipeWire-System" ports=1 type="user"
LOG: ALSA seq enum: id=145 name="PipeWire-RT-Event" ports=1 type="user"
LOG: SDLNet_TCP_Open: Couldn't connect to remote host
LOG: TiMidity: can't open control connection (host=127.0.0.1, port=7777)
LOG: MIDI:fluidsynth: SoundFont not specified, and no system SoundFont found
LOG: MIDI:synth: Specify .SF2 sound font file with midiconfig=
LOG: MT32: failed to locate ROMs.
LOG: MT32 emulation requires the PCM and CONTROL ROM files.
LOG: To eliminate this error message, check the DOSBox-X wiki.
LOG: The ROM files are: CM32L_CONTROL.ROM and CM32L_PCM.ROM or MT32_CONTROL.ROM and MT32_PCM.ROM
LOG: MIDI:Opened device:none
LOG: VOODOO LFB now at d0000000
LOG: Serial1: BASE 3f8h
LOG: Serial2: BASE 2f8h
LOG: Parallel1: BASE 378h
LOG: MPU-401 Registering I/O ports as if IBM PC MPU-401 at base 330h
LOG: Memory I/O complexity optimization enabled aka option 'memory io optimization 1'. If the game or demo is unable to draw to the screen properly, set the option to false.
LOG: The 'scanline render on demand' option is available and may provide a modest boost in video render performance if set to true.
LOG: GetDesktopResolution reading X11 desktop resolution
LOG: Root window (ID 863) is 720 x 480
LOG: X11 main window is 640 x 400 maximized=0
LOG: XRandR CRTC 0: pos=(0,0) size=(720,480) outputs=1
LOG: Our window lies on this CRTC display (window pos=(0,0) size=(640,400) match=(320,200)).
LOG:   Goes to output 0: name='XWAYLAND0' size_mm=(190 x 127)
LOG: Screen report: Method 'XRandR' (720.000 x 480.000 pixels) at (0.000 x 0.000) (190.000 x 127.000 mm) (7.480 x 5.000 in) (96.253 x 96.000 DPI)
LOG: Allocated APM BIOS pm entry point at f000:ce20
LOG: Writing code to fce20
LOG: Writing code to fce40
LOG: X11 main window is 640 x 400 maximized=0
LOG: XRandR CRTC 0: pos=(0,0) size=(720,480) outputs=1
LOG: Our window lies on this CRTC display (window pos=(0,0) size=(640,400) match=(320,200)).
LOG:   Goes to output 0: name='XWAYLAND0' size_mm=(190 x 127)
LOG: Screen report: Method 'XRandR' (720.000 x 480.000 pixels) at (0.000 x 0.000) (190.000 x 127.000 mm) (7.480 x 5.000 in) (96.253 x 96.000 DPI)
LOG: ISA Plug & Play BIOS enabled
LOG: VGA ROM BIOS init callback
LOG: pixratio 1.000, dw false, dh false
LOG: Aspect ratio: 640 x 480  xToY=1.333 yToX=0.750
LOG: menuScale=1
LOG: X11 main window is 640 x 497 maximized=0
LOG: XRandR CRTC 0: pos=(0,0) size=(720,480) outputs=1
LOG: Our window lies on this CRTC display (window pos=(0,0) size=(640,497) match=(320,248)).
LOG:   Goes to output 0: name='XWAYLAND0' size_mm=(190 x 127)
LOG: Screen report: Method 'XRandR' (720.000 x 480.000 pixels) at (0.000 x 0.000) (190.000 x 127.000 mm) (7.480 x 5.000 in) (96.253 x 96.000 DPI)
LOG: font texture id=2 will make 128 x 256
LOG: X11 main window is 640 x 497 maximized=0
LOG: XRandR CRTC 0: pos=(0,0) size=(720,480) outputs=1
LOG: Our window lies on this CRTC display (window pos=(0,0) size=(640,497) match=(320,248)).
LOG:   Goes to output 0: name='XWAYLAND0' size_mm=(190 x 127)
LOG: Screen report: Method 'XRandR' (720.000 x 480.000 pixels) at (0.000 x 0.000) (190.000 x 127.000 mm) (7.480 x 5.000 in) (96.253 x 96.000 DPI)
LOG: WARNING: No translation support (to host) for code page 0
LOG: DOS keyboard layout loaded with main language code US for layout us
LOG: XMS: 50 handles allocated for use by the DOS environment
LOG: COMMAND.COM env size:             720 bytes
LOG: COMMAND.COM environment block:    0x0701 sz=0x002d
LOG: COMMAND.COM main body (PSP):      0x072f sz=0x009a
LOG: COMMAND.COM stack:                0x0749
LOG: pixratio 1.350, dw false, dh false
LOG: Aspect ratio: 720 x 540  xToY=1.333 yToX=0.750
LOG: menuScale=1
LOG: X11 main window is 720 x 417 maximized=0
LOG: XRandR CRTC 0: pos=(0,0) size=(720,480) outputs=1
LOG: Our window lies on this CRTC display (window pos=(0,0) size=(720,417) match=(360,208)).
LOG:   Goes to output 0: name='XWAYLAND0' size_mm=(190 x 127)
LOG: Screen report: Method 'XRandR' (720.000 x 480.000 pixels) at (0.000 x 0.000) (190.000 x 127.000 mm) (7.480 x 5.000 in) (96.253 x 96.000 DPI)
LOG: font texture id=2 will make 128 x 256
LOG: X11 main window is 720 x 417 maximized=0
LOG: XRandR CRTC 0: pos=(0,0) size=(720,480) outputs=1
LOG: Our window lies on this CRTC display (window pos=(0,0) size=(720,417) match=(360,208)).
LOG:   Goes to output 0: name='XWAYLAND0' size_mm=(190 x 127)
LOG: Screen report: Method 'XRandR' (720.000 x 480.000 pixels) at (0.000 x 0.000) (190.000 x 127.000 mm) (7.480 x 5.000 in) (96.253 x 96.000 DPI)
LOG: pixratio 1.200, dw true, dh false
LOG: Aspect ratio: 640 x 480  xToY=1.333 yToX=0.750
LOG: menuScale=1
LOG: X11 main window is 640 x 417 maximized=0
LOG: XRandR CRTC 0: pos=(0,0) size=(720,480) outputs=1
LOG: Our window lies on this CRTC display (window pos=(0,0) size=(640,417) match=(320,208)).
LOG:   Goes to output 0: name='XWAYLAND0' size_mm=(190 x 127)
LOG: Screen report: Method 'XRandR' (720.000 x 480.000 pixels) at (0.000 x 0.000) (190.000 x 127.000 mm) (7.480 x 5.000 in) (96.253 x 96.000 DPI)
LOG: font texture id=2 will make 128 x 256
LOG: X11 main window is 640 x 417 maximized=0
LOG: XRandR CRTC 0: pos=(0,0) size=(720,480) outputs=1
LOG: Our window lies on this CRTC display (window pos=(0,0) size=(640,417) match=(320,208)).
LOG:   Goes to output 0: name='XWAYLAND0' size_mm=(190 x 127)
LOG: Screen report: Method 'XRandR' (720.000 x 480.000 pixels) at (0.000 x 0.000) (190.000 x 127.000 mm) (7.480 x 5.000 in) (96.253 x 96.000 DPI)
LOG: 1971871557 ERROR INT10:ReadChar didn't find character
LOG: 1971871557 ERROR INT10:ReadChar didn't find character
LOG: 1971871557 ERROR INT10:ReadChar didn't find character
LOG: 1971871557 ERROR INT10:ReadChar didn't find character
LOG: 1971871557 ERROR INT10:ReadChar didn't find character
LOG: 1971871557 ERROR INT10:ReadChar didn't find character
LOG: 1971871557 ERROR INT10:ReadChar didn't find character
LOG: 1971871557 ERROR INT10:ReadChar didn't find character
LOG: 1971871557 ERROR INT10:ReadChar didn't find character
LOG: 1971871557 ERROR INT10:ReadChar didn't find character
LOG: 1971871557 ERROR INT10:ReadChar didn't find character
LOG: 1971871557 ERROR INT10:ReadChar didn't find character
LOG: 1971871557 ERROR INT10:ReadChar didn't find character
LOG: 1971871557 ERROR INT10:ReadChar didn't find character
LOG: 1971871557 ERROR INT10:ReadChar didn't find character
LOG: 1971871557 ERROR INT10:ReadChar didn't find character
LOG: 1971871557 ERROR INT10:ReadChar didn't find character
LOG: 1971871557 ERROR INT10:ReadChar didn't find character
LOG: 1971871557 ERROR INT10:ReadChar didn't find character
LOG: 1971871557 ERROR INT10:ReadChar didn't find character
LOG: 1971871557 ERROR INT10:ReadChar didn't find character
LOG: 1971871557 ERROR INT10:ReadChar didn't find character
LOG: 1971871557 ERROR INT10:ReadChar didn't find character
LOG: 1971871557 ERROR INT10:ReadChar didn't find character
LOG: 1971871557 ERROR INT10:ReadChar didn't find character
LOG: 1971871557 ERROR INT10:ReadChar didn't find character
LOG: 1971871557 ERROR INT10:ReadChar didn't find character
LOG: 1971871557 ERROR INT10:ReadChar didn't find character
LOG: 1971871557 ERROR INT10:ReadChar didn't find character
LOG: 1971871557 ERROR INT10:ReadChar didn't find character
LOG: 1971871557 ERROR INT10:ReadChar didn't find character
LOG: 1971871557 ERROR INT10:ReadChar didn't find character
LOG: 1971871557 ERROR INT10:ReadChar didn't find character
LOG: 1971871557 ERROR INT10:ReadChar didn't find character
LOG: 1971871557 ERROR INT10:ReadChar didn't find character
LOG: 1971871557 ERROR INT10:ReadChar didn't find character
LOG: 1971871557 ERROR INT10:ReadChar didn't find character
LOG: 1971871557 ERROR INT10:ReadChar didn't find character
LOG: 1971871557 ERROR INT10:ReadChar didn't find character
LOG: 1971871557 ERROR INT10:ReadChar didn't find character
LOG: 1971871557 ERROR INT10:ReadChar didn't find character
LOG: 1971871557 ERROR INT10:ReadChar didn't find character
LOG: 1971871557 ERROR INT10:ReadChar didn't find character
LOG: 1971871557 ERROR INT10:ReadChar didn't find character
LOG: 1971871557 ERROR INT10:ReadChar didn't find character
LOG: 1971871557 ERROR INT10:ReadChar didn't find character
LOG: 1971871557 ERROR INT10:ReadChar didn't find character
LOG: 1971871557 ERROR INT10:ReadChar didn't find character
LOG: 1971871557 ERROR INT10:ReadChar didn't find character
LOG: 1971871557 ERROR INT10:ReadChar didn't find character
LOG: 1971871557 ERROR INT10:ReadChar didn't find character
LOG: 1971871557 ERROR INT10:ReadChar didn't find character
LOG: 1971871557 ERROR INT10:ReadChar didn't find character
LOG: 1971871557 ERROR INT10:ReadChar didn't find character
LOG: 1971871557 ERROR INT10:ReadChar didn't find character
LOG: 1971871557 ERROR INT10:ReadChar didn't find character
LOG: 1971871557 ERROR INT10:ReadChar didn't find character
LOG: 1971871557 ERROR INT10:ReadChar didn't find character
LOG: 1971871557 ERROR INT10:ReadChar didn't find character
LOG: 1971871557 ERROR INT10:ReadChar didn't find character
LOG: 1971871557 ERROR INT10:ReadChar didn't find character
LOG: 1971871557 ERROR INT10:ReadChar didn't find character
LOG: 1971871557 ERROR INT10:ReadChar didn't find character
LOG: 1971871557 ERROR INT10:ReadChar didn't find character
LOG: 1971871557 ERROR INT10:ReadChar didn't find character
LOG: 1971871557 ERROR INT10:ReadChar didn't find character
LOG: 1971871557 ERROR INT10:ReadChar didn't find character
LOG: 1971871557 ERROR INT10:ReadChar didn't find character
LOG: 1971871557 ERROR INT10:ReadChar didn't find character
LOG: 1971871557 ERROR INT10:ReadChar didn't find character
LOG: 1971871557 ERROR INT10:ReadChar didn't find character
LOG: 1971871557 ERROR INT10:ReadChar didn't find character
LOG: 1971871557 ERROR INT10:ReadChar didn't find character
LOG: 1971871557 ERROR INT10:ReadChar didn't find character
LOG: 1971871557 ERROR INT10:ReadChar didn't find character
LOG: 1971871557 ERROR INT10:ReadChar didn't find character
LOG: 1971871557 ERROR INT10:ReadChar didn't find character
LOG: 1971871557 ERROR INT10:ReadChar didn't find character
LOG: 1971871557 ERROR INT10:ReadChar didn't find character
LOG: 1971871557 ERROR INT10:ReadChar didn't find character
LOG: 1971871557 ERROR INT10:ReadChar didn't find character
LOG: 1971871557 ERROR INT10:ReadChar didn't find character
LOG: 1971871557 ERROR INT10:ReadChar didn't find character
LOG: 1971871557 ERROR INT10:ReadChar didn't find character
LOG: 1971871557 ERROR INT10:ReadChar didn't find character
LOG: 1971871557 ERROR INT10:ReadChar didn't find character
LOG: 1971871557 ERROR INT10:ReadChar didn't find character
LOG: 1971871557 ERROR INT10:ReadChar didn't find character
LOG: 1971871557 ERROR INT10:ReadChar didn't find character
LOG: 1971871557 ERROR INT10:ReadChar didn't find character
LOG: 1971871557 ERROR INT10:ReadChar didn't find character
LOG: 1971871557 ERROR INT10:ReadChar didn't find character
LOG: 1971871557 ERROR INT10:ReadChar didn't find character
LOG: 1971871557 ERROR INT10:ReadChar didn't find character
LOG: 1971871557 ERROR INT10:ReadChar didn't find character
LOG: 1971871557 ERROR INT10:ReadChar didn't find character
LOG: 1971871557 ERROR INT10:ReadChar didn't find character
LOG: 1971871557 ERROR INT10:ReadChar didn't find character
LOG: 1971871557 ERROR INT10:ReadChar didn't find character
LOG: 1971871557 ERROR INT10:ReadChar didn't find character
LOG: 1971871557 ERROR INT10:ReadChar didn't find character
LOG: 1971871557 ERROR INT10:ReadChar didn't find character
LOG: 1971871557 ERROR INT10:ReadChar didn't find character
LOG: 1971871557 ERROR INT10:ReadChar didn't find character
LOG: 1971871557 ERROR INT10:ReadChar didn't find character
LOG: 1971871557 ERROR INT10:ReadChar didn't find character
LOG: 1971871557 ERROR INT10:ReadChar didn't find character
LOG: 1971871557 ERROR INT10:ReadChar didn't find character
LOG: 1971871557 ERROR INT10:ReadChar didn't find character
LOG: 1971871557 ERROR INT10:ReadChar didn't find character
LOG: 1971871557 ERROR INT10:ReadChar didn't find character
LOG: 1971871557 ERROR INT10:ReadChar didn't find character
LOG: 1971871557 ERROR INT10:ReadChar didn't find character
LOG: 1971871557 ERROR INT10:ReadChar didn't find character
LOG: 1971871557 ERROR INT10:ReadChar didn't find character
LOG: 1971871557 ERROR INT10:ReadChar didn't find character
LOG: 1971871557 ERROR INT10:ReadChar didn't find character
LOG: 1971871557 ERROR INT10:ReadChar didn't find character
LOG: 1971871557 ERROR INT10:ReadChar didn't find character
LOG: 1971871557 ERROR INT10:ReadChar didn't find character
LOG: 1971871557 ERROR INT10:ReadChar didn't find character
LOG: 1971871557 ERROR INT10:ReadChar didn't find character
LOG: 1971871557 ERROR INT10:ReadChar didn't find character
LOG: 1971871557 ERROR INT10:ReadChar didn't find character
LOG: 1971871557 ERROR INT10:ReadChar didn't find character
LOG: 1971871557 ERROR INT10:ReadChar didn't find character
LOG: 1971871557 ERROR INT10:ReadChar didn't find character
LOG: 1971871557 ERROR INT10:ReadChar didn't find character
LOG: 1971871557 ERROR INT10:ReadChar didn't find character
LOG: 1971871557 ERROR INT10:ReadChar didn't find character
LOG: 1971871557 ERROR INT10:ReadChar didn't find character
LOG: 1971871557 ERROR INT10:ReadChar didn't find character
LOG: 1971871557 ERROR INT10:ReadChar didn't find character
LOG: 1971871557 ERROR INT10:ReadChar didn't find character
LOG: 1971871557 ERROR INT10:ReadChar didn't find character
LOG: 1971871557 ERROR INT10:ReadChar didn't find character
LOG: 1971871557 ERROR INT10:ReadChar didn't find character
LOG: 1971871557 ERROR INT10:ReadChar didn't find character
LOG: 1971871557 ERROR INT10:ReadChar didn't find character
LOG: 1971871557 ERROR INT10:ReadChar didn't find character
LOG: 1971871557 ERROR INT10:ReadChar didn't find character
LOG: 1971871557 ERROR INT10:ReadChar didn't find character
LOG: 1971871557 ERROR INT10:ReadChar didn't find character
LOG: 1971871557 ERROR INT10:ReadChar didn't find character
LOG: 1971871557 ERROR INT10:ReadChar didn't find character
LOG: 1971871557 ERROR INT10:ReadChar didn't find character
LOG: 1971871557 ERROR INT10:ReadChar didn't find character
LOG: 1971871557 ERROR INT10:ReadChar didn't find character
LOG: 1971871557 ERROR INT10:ReadChar didn't find character
LOG: 1971871557 ERROR INT10:ReadChar didn't find character
LOG: 1971871557 ERROR INT10:ReadChar didn't find character
LOG: 1971871557 ERROR INT10:ReadChar didn't find character
LOG: 1971871557 ERROR INT10:ReadChar didn't find character
LOG: 1971871557 ERROR INT10:ReadChar didn't find character
LOG: 1971871557 ERROR INT10:ReadChar didn't find character
LOG: 1971871557 ERROR INT10:ReadChar didn't find character
LOG: 1971871557 ERROR INT10:ReadChar didn't find character
LOG: 1971871557 ERROR INT10:ReadChar didn't find character
LOG: 1971871557 ERROR INT10:ReadChar didn't find character
LOG: 1971871557 ERROR INT10:ReadChar didn't find character
LOG: 1971871557 ERROR INT10:ReadChar didn't find character
LOG: 1971871557 ERROR INT10:ReadChar didn't find character
LOG: 1971871557 ERROR INT10:ReadChar didn't find character
LOG: 1971871557 ERROR INT10:ReadChar didn't find character
LOG: 1971871557 ERROR INT10:ReadChar didn't find character
LOG: 1971871557 ERROR INT10:ReadChar didn't find character
LOG: 1971871557 ERROR INT10:ReadChar didn't find character
LOG: 1971871557 ERROR INT10:ReadChar didn't find character
LOG: 1971871557 ERROR INT10:ReadChar didn't find character
LOG: 1971871557 ERROR INT10:ReadChar didn't find character
LOG: 1971871557 ERROR INT10:ReadChar didn't find character
LOG: 1971871557 ERROR INT10:ReadChar didn't find character
LOG: 1971871557 ERROR INT10:ReadChar didn't find character
LOG: 1971871557 ERROR INT10:ReadChar didn't find character
LOG: 1971871557 ERROR INT10:ReadChar didn't find character
LOG: 1971871557 ERROR INT10:ReadChar didn't find character
LOG: 1971871557 ERROR INT10:ReadChar didn't find character
LOG: 1971871557 ERROR INT10:ReadChar didn't find character
LOG: 1971871557 ERROR INT10:ReadChar didn't find character
LOG: 1971871557 ERROR INT10:ReadChar didn't find character
LOG: 1971871557 ERROR INT10:ReadChar didn't find character
LOG: 1971871557 ERROR INT10:ReadChar didn't find character
LOG: 1971871557 ERROR INT10:ReadChar didn't find character
LOG: 1971871557 ERROR INT10:ReadChar didn't find character
LOG: 1971871557 ERROR INT10:ReadChar didn't find character
LOG: 1971871557 ERROR INT10:ReadChar didn't find character
LOG: 1971871557 ERROR INT10:ReadChar didn't find character
LOG: 1971871557 ERROR INT10:ReadChar didn't find character
LOG: 1971871557 ERROR INT10:ReadChar didn't find character
LOG: 1971871557 ERROR INT10:ReadChar didn't find character
LOG: 1971871557 ERROR INT10:ReadChar didn't find character
LOG: 1971871557 ERROR INT10:ReadChar didn't find character
LOG: 1971871557 ERROR INT10:ReadChar didn't find character
LOG: 1971871557 ERROR INT10:ReadChar didn't find character
LOG: 1971871557 ERROR INT10:ReadChar didn't find character
LOG: 1971871557 ERROR INT10:ReadChar didn't find character
LOG: 1971871557 ERROR INT10:ReadChar didn't find character
LOG: 1971871557 ERROR INT10:ReadChar didn't find character
LOG: 1971871557 ERROR INT10:ReadChar didn't find character
LOG: 1971871557 ERROR INT10:ReadChar didn't find character
LOG: 1971871557 ERROR INT10:ReadChar didn't find character
LOG: 1971871557 ERROR INT10:ReadChar didn't find character
LOG: 1971871557 ERROR INT10:ReadChar didn't find character
LOG: 1971871557 ERROR INT10:ReadChar didn't find character
LOG: 1971871557 ERROR INT10:ReadChar didn't find character
LOG: 1971871557 ERROR INT10:ReadChar didn't find character
LOG: 1971871557 ERROR INT10:ReadChar didn't find character
LOG: 1971871557 ERROR INT10:ReadChar didn't find character
LOG: 1971871557 ERROR INT10:ReadChar didn't find character
LOG: 1971871557 ERROR INT10:ReadChar didn't find character
LOG: 1971871557 ERROR INT10:ReadChar didn't find character
LOG: 1971871557 ERROR INT10:ReadChar didn't find character
LOG: 1971871557 ERROR INT10:ReadChar didn't find character
LOG: 1971871557 ERROR INT10:ReadChar didn't find character
LOG: 1971871557 ERROR INT10:ReadChar didn't find character
LOG: 1971871557 ERROR INT10:ReadChar didn't find character
LOG: 1971871557 ERROR INT10:ReadChar didn't find character
LOG: 1971871557 ERROR INT10:ReadChar didn't find character
LOG: 1971871557 ERROR INT10:ReadChar didn't find character
LOG: 1971871557 ERROR INT10:ReadChar didn't find character
LOG: 1971871557 ERROR INT10:ReadChar didn't find character
LOG: 1971871557 ERROR INT10:ReadChar didn't find character
LOG: 1971871557 ERROR INT10:ReadChar didn't find character
LOG: 1971871557 ERROR INT10:ReadChar didn't find character
LOG: 1971871557 ERROR INT10:ReadChar didn't find character
LOG: 1971871557 ERROR INT10:ReadChar didn't find character
LOG: 1971871557 ERROR INT10:ReadChar didn't find character
LOG: 1971871557 ERROR INT10:ReadChar didn't find character
LOG: 1971871557 ERROR INT10:ReadChar didn't find character
LOG: 1971871557 ERROR INT10:ReadChar didn't find character
LOG: 1971871557 ERROR INT10:ReadChar didn't find character
LOG: 1971871557 ERROR INT10:ReadChar didn't find character
LOG: 1971871557 ERROR INT10:ReadChar didn't find character
LOG: 1971871557 ERROR INT10:ReadChar didn't find character
LOG: 1971871557 ERROR INT10:ReadChar didn't find character
LOG: 1971871557 ERROR INT10:ReadChar didn't find character
LOG: 1971871557 ERROR INT10:ReadChar didn't find character
LOG: 1971871557 ERROR INT10:ReadChar didn't find character
LOG: 1971871557 ERROR INT10:ReadChar didn't find character
LOG: 1971871557 ERROR INT10:ReadChar didn't find character
LOG: 1971871557 ERROR INT10:ReadChar didn't find character
LOG: 1971871557 ERROR INT10:ReadChar didn't find character
LOG: 1971871557 ERROR INT10:ReadChar didn't find character
LOG: 1971871557 ERROR INT10:ReadChar didn't find character
LOG: 1971871557 ERROR INT10:ReadChar didn't find character
LOG: 1971871557 ERROR INT10:ReadChar didn't find character
LOG: 1971871557 ERROR INT10:ReadChar didn't find character
LOG: 1971871557 ERROR INT10:ReadChar didn't find character
LOG: 1971871557 ERROR INT10:ReadChar didn't find character
LOG: 1971871557 ERROR INT10:ReadChar didn't find character
LOG: 1971871557 ERROR INT10:ReadChar didn't find character
LOG: 1971871557 ERROR INT10:ReadChar didn't find character
LOG: 1971871557 ERROR INT10:ReadChar didn't find character
LOG: 1971871557 ERROR INT10:ReadChar didn't find character
LOG: 1971871557 ERROR INT10:ReadChar didn't find character
LOG: 1971871557 ERROR INT10:ReadChar didn't find character
LOG: 1971871557 ERROR INT10:ReadChar didn't find character
LOG: 1971871557 ERROR INT10:ReadChar didn't find character
LOG: 1971871557 ERROR INT10:ReadChar didn't find character
LOG: 1971871557 ERROR INT10:ReadChar didn't find character
LOG: 1971871557 ERROR INT10:ReadChar didn't find character
LOG: 1971871557 ERROR INT10:ReadChar didn't find character
LOG: 1971871557 ERROR INT10:ReadChar didn't find character
LOG: 1971871557 ERROR INT10:ReadChar didn't find character
LOG: 1971871557 ERROR INT10:ReadChar didn't find character
LOG: 1971871557 ERROR INT10:ReadChar didn't find character
LOG: 1971871557 ERROR INT10:ReadChar didn't find character
LOG: 1971871557 ERROR INT10:ReadChar didn't find character
LOG: 1971871557 ERROR INT10:ReadChar didn't find character
LOG: 1971871557 ERROR INT10:ReadChar didn't find character
LOG: 1971871557 ERROR INT10:ReadChar didn't find character
LOG: 1971871557 ERROR INT10:ReadChar didn't find character
LOG: 1971871557 ERROR INT10:ReadChar didn't find character
LOG: 1971871557 ERROR INT10:ReadChar didn't find character
LOG: 1971871557 ERROR INT10:ReadChar didn't find character
LOG: 1971871557 ERROR INT10:ReadChar didn't find character
LOG: 1971871557 ERROR INT10:ReadChar didn't find character
LOG: 1971871557 ERROR INT10:ReadChar didn't find character
LOG: 1971871557 ERROR INT10:ReadChar didn't find character
LOG: 1971871557 ERROR INT10:ReadChar didn't find character
LOG: 1971871557 ERROR INT10:ReadChar didn't find character
LOG: 1971871557 ERROR INT10:ReadChar didn't find character
LOG: 1971871557 ERROR INT10:ReadChar didn't find character
LOG: 1971871557 ERROR INT10:ReadChar didn't find character
LOG: 1971871557 ERROR INT10:ReadChar didn't find character
LOG: 1971871557 ERROR INT10:ReadChar didn't find character
LOG: 1971871557 ERROR INT10:ReadChar didn't find character
LOG: 1971871557 ERROR INT10:ReadChar didn't find character
LOG: 1971871557 ERROR INT10:ReadChar didn't find character
LOG: 1971871557 ERROR INT10:ReadChar didn't find character
LOG: 1971871557 ERROR INT10:ReadChar didn't find character
LOG: 1971871557 ERROR INT10:ReadChar didn't find character
LOG: 1971871557 ERROR INT10:ReadChar didn't find character
LOG: 1971871557 ERROR INT10:ReadChar didn't find character
LOG: 1971871557 ERROR INT10:ReadChar didn't find character
LOG: 1971871557 ERROR INT10:ReadChar didn't find character
LOG: 1971871557 ERROR INT10:ReadChar didn't find character
LOG: 1971871557 ERROR INT10:ReadChar didn't find character
LOG: 1971871557 ERROR INT10:ReadChar didn't find character
LOG: 1971871557 ERROR INT10:ReadChar didn't find character
LOG: 1971871557 ERROR INT10:ReadChar didn't find character
LOG: 1971871557 ERROR INT10:ReadChar didn't find character
LOG: 1971871557 ERROR INT10:ReadChar didn't find character
LOG: 1971871557 ERROR INT10:ReadChar didn't find character
LOG: 1971871557 ERROR INT10:ReadChar didn't find character
LOG: 1971871557 ERROR INT10:ReadChar didn't find character
LOG: 1971871557 ERROR INT10:ReadChar didn't find character
LOG: 1971871557 ERROR INT10:ReadChar didn't find character
LOG: 1971871557 ERROR INT10:ReadChar didn't find character
LOG: 1971871557 ERROR INT10:ReadChar didn't find character
LOG: 1971871557 ERROR INT10:ReadChar didn't find character
LOG: 1971871557 ERROR INT10:ReadChar didn't find character
LOG: 1971871557 ERROR INT10:ReadChar didn't find character
LOG: 1971871557 ERROR INT10:ReadChar didn't find character
LOG: 1971871557 ERROR INT10:ReadChar didn't find character
LOG: 1971871557 ERROR INT10:ReadChar didn't find character
LOG: 1971871557 ERROR INT10:ReadChar didn't find character
LOG: 1971871557 ERROR INT10:ReadChar didn't find character
LOG: 1971871557 ERROR INT10:ReadChar didn't find character
LOG: 1971871557 ERROR INT10:ReadChar didn't find character
LOG: 1971871557 ERROR INT10:ReadChar didn't find character
LOG: 1971871557 ERROR INT10:ReadChar didn't find character
LOG: 1971871557 ERROR INT10:ReadChar didn't find character
LOG: 1971871557 ERROR INT10:ReadChar didn't find character
LOG: 1971871557 ERROR INT10:ReadChar didn't find character
LOG: 1971871557 ERROR INT10:ReadChar didn't find character
LOG: 1971871557 ERROR INT10:ReadChar didn't find character
LOG: 1971871557 ERROR INT10:ReadChar didn't find character
LOG: 1971871557 ERROR INT10:ReadChar didn't find character
LOG: 1971871557 ERROR INT10:ReadChar didn't find character
LOG: 1971871557 ERROR INT10:ReadChar didn't find character
LOG: 1971871557 ERROR INT10:ReadChar didn't find character
LOG: 1971871557 ERROR INT10:ReadChar didn't find character
LOG: 1971871557 ERROR INT10:ReadChar didn't find character
LOG: 1971871557 ERROR INT10:ReadChar didn't find character
LOG: 1971871557 ERROR INT10:ReadChar didn't find character
LOG: 1971871557 ERROR INT10:ReadChar didn't find character
LOG: 1971871557 ERROR INT10:ReadChar didn't find character
LOG: 1971871557 ERROR INT10:ReadChar didn't find character
LOG: 1971871557 ERROR INT10:ReadChar didn't find character
LOG: 1971871557 ERROR INT10:ReadChar didn't find character
LOG: 1971871557 ERROR INT10:ReadChar didn't find character
LOG: 1971871557 ERROR INT10:ReadChar didn't find character
LOG: 1971871557 ERROR INT10:ReadChar didn't find character
LOG: 1971871557 ERROR INT10:ReadChar didn't find character
LOG: 1971871557 ERROR INT10:ReadChar didn't find character
LOG: 1971871557 ERROR INT10:ReadChar didn't find character
LOG: 1971871557 ERROR INT10:ReadChar didn't find character
LOG: 1971871557 ERROR INT10:ReadChar didn't find character
LOG: 1971871557 ERROR INT10:ReadChar didn't find character
LOG: 1971871557 ERROR INT10:ReadChar didn't find character
LOG: 1971871557 ERROR INT10:ReadChar didn't find character
LOG: 1971871557 ERROR INT10:ReadChar didn't find character
LOG: 1971871557 ERROR INT10:ReadChar didn't find character
LOG: 1971871557 ERROR INT10:ReadChar didn't find character
LOG: 1971871557 ERROR INT10:ReadChar didn't find character
LOG: 1971871557 ERROR INT10:ReadChar didn't find character
LOG: 1971871557 ERROR INT10:ReadChar didn't find character
LOG: 1971871557 ERROR INT10:ReadChar didn't find character
LOG: 1971871557 ERROR INT10:ReadChar didn't find character
LOG: 1971871557 ERROR INT10:ReadChar didn't find character
LOG: 1971871557 ERROR INT10:ReadChar didn't find character
LOG: 1971871557 ERROR INT10:ReadChar didn't find character
LOG: 1971871557 ERROR INT10:ReadChar didn't find character
LOG: 1971871557 ERROR INT10:ReadChar didn't find character
LOG: 1971871557 ERROR INT10:ReadChar didn't find character
LOG: 1971871557 ERROR INT10:ReadChar didn't find character
LOG: 1971871557 ERROR INT10:ReadChar didn't find character
LOG: 1971871557 ERROR INT10:ReadChar didn't find character
LOG: 1971871557 ERROR INT10:ReadChar didn't find character
LOG: 1971871557 ERROR INT10:ReadChar didn't find character
LOG: 1971871557 ERROR INT10:ReadChar didn't find character
LOG: 1971871557 ERROR INT10:ReadChar didn't find character
LOG: 1971871557 ERROR INT10:ReadChar didn't find character
LOG: 1971871557 ERROR INT10:ReadChar didn't find character
LOG: 1971871557 ERROR INT10:ReadChar didn't find character
LOG: 1971871557 ERROR INT10:ReadChar didn't find character
LOG: 1971871557 ERROR INT10:ReadChar didn't find character
LOG: 1971871557 ERROR INT10:ReadChar didn't find character
LOG: 1971871557 ERROR INT10:ReadChar didn't find character
LOG: 1971871557 ERROR INT10:ReadChar didn't find character
LOG: 1971871557 ERROR INT10:ReadChar didn't find character
LOG: 1971871557 ERROR INT10:ReadChar didn't find character
LOG: 1971871557 ERROR INT10:ReadChar didn't find character
LOG: 1971871557 ERROR INT10:ReadChar didn't find character
LOG: 1971871557 ERROR INT10:ReadChar didn't find character
LOG: 1971871557 ERROR INT10:ReadChar didn't find character
LOG: 1971871557 ERROR INT10:ReadChar didn't find character
LOG: 1971871557 ERROR INT10:ReadChar didn't find character
LOG: 1971871557 ERROR INT10:ReadChar didn't find character
LOG: 1971871557 ERROR INT10:ReadChar didn't find character
LOG: 1971871557 ERROR INT10:ReadChar didn't find character
LOG: 1971871557 ERROR INT10:ReadChar didn't find character
LOG: 1971871557 ERROR INT10:ReadChar didn't find character
LOG: 1971871557 ERROR INT10:ReadChar didn't find character
LOG: 1971871557 ERROR INT10:ReadChar didn't find character
LOG: 1971871557 ERROR INT10:ReadChar didn't find character
LOG: 1971871557 ERROR INT10:ReadChar didn't find character
LOG: 1971871557 ERROR INT10:ReadChar didn't find character
LOG: 1971871557 ERROR INT10:ReadChar didn't find character
LOG: 1971871557 ERROR INT10:ReadChar didn't find character
LOG: 1971871557 ERROR INT10:ReadChar didn't find character
LOG: 1971871557 ERROR INT10:ReadChar didn't find character
LOG: 1971871557 ERROR INT10:ReadChar didn't find character
LOG: 1971871557 ERROR INT10:ReadChar didn't find character
LOG: 1971871557 ERROR INT10:ReadChar didn't find character
LOG: 1971871557 ERROR INT10:ReadChar didn't find character
LOG: 1971871557 ERROR INT10:ReadChar didn't find character
LOG: 1971871557 ERROR INT10:ReadChar didn't find character
LOG: 1971871557 ERROR INT10:ReadChar didn't find character
LOG: 1971871557 ERROR INT10:ReadChar didn't find character
LOG: 1971871557 ERROR INT10:ReadChar didn't find character
LOG: 1971871557 ERROR INT10:ReadChar didn't find character
LOG: 1971871557 ERROR INT10:ReadChar didn't find character
LOG: 1971871557 ERROR INT10:ReadChar didn't find character
LOG: 1971871557 ERROR INT10:ReadChar didn't find character
LOG: 1971871557 ERROR INT10:ReadChar didn't find character
LOG: 1971871557 ERROR INT10:ReadChar didn't find character
LOG: 1971871557 ERROR INT10:ReadChar didn't find character
LOG: 1971871557 ERROR INT10:ReadChar didn't find character
LOG: 1971871557 ERROR INT10:ReadChar didn't find character
LOG: 1971871557 ERROR INT10:ReadChar didn't find character
LOG: 1971871557 ERROR INT10:ReadChar didn't find character
LOG: 1971871557 ERROR INT10:ReadChar didn't find character
LOG: 1971871557 ERROR INT10:ReadChar didn't find character
LOG: 1971871557 ERROR INT10:ReadChar didn't find character
LOG: 1971871557 ERROR INT10:ReadChar didn't find character
LOG: 1971871557 ERROR INT10:ReadChar didn't find character
LOG: 1971871557 ERROR INT10:ReadChar didn't find character
LOG: 1971871557 ERROR INT10:ReadChar didn't find character
LOG: 1971871557 ERROR INT10:ReadChar didn't find character
LOG: 1971871557 ERROR INT10:ReadChar didn't find character
LOG: 1971871557 ERROR INT10:ReadChar didn't find character
LOG: 1971871557 ERROR INT10:ReadChar didn't find character
LOG: 1971871557 ERROR INT10:ReadChar didn't find character
LOG: 1971871557 ERROR INT10:ReadChar didn't find character
LOG: 1971871557 ERROR INT10:ReadChar didn't find character
LOG: 1971871557 ERROR INT10:ReadChar didn't find character
LOG: 1971871557 ERROR INT10:ReadChar didn't find character
LOG: 1971871557 ERROR INT10:ReadChar didn't find character
LOG: 1971871557 ERROR INT10:ReadChar didn't find character
LOG: 1971871557 ERROR INT10:ReadChar didn't find character
LOG: 1971871557 ERROR INT10:ReadChar didn't find character
LOG: 1971871557 ERROR INT10:ReadChar didn't find character
LOG: 1971871557 ERROR INT10:ReadChar didn't find character
LOG: 1971871557 ERROR INT10:ReadChar didn't find character
LOG: 1971871557 ERROR INT10:ReadChar didn't find character
LOG: 1971871557 ERROR INT10:ReadChar didn't find character
LOG: 1971871557 ERROR INT10:ReadChar didn't find character
LOG: 1971871557 ERROR INT10:ReadChar didn't find character
LOG: 1971871557 ERROR INT10:ReadChar didn't find character
LOG: 1971871557 ERROR INT10:ReadChar didn't find character
LOG: 1971871557 ERROR INT10:ReadChar didn't find character
LOG: 1971871557 ERROR INT10:ReadChar didn't find character
LOG: 1971871557 ERROR INT10:ReadChar didn't find character
LOG: 1971871557 ERROR INT10:ReadChar didn't find character
LOG: 1971871557 ERROR INT10:ReadChar didn't find character
LOG: 1971871557 ERROR INT10:ReadChar didn't find character
LOG: 1971871557 ERROR INT10:ReadChar didn't find character
LOG: 1971871557 ERROR INT10:ReadChar didn't find character
LOG: 1971871557 ERROR INT10:ReadChar didn't find character
LOG: 1971871557 ERROR INT10:ReadChar didn't find character
LOG: 1971871557 ERROR INT10:ReadChar didn't find character
LOG: 1971871557 ERROR INT10:ReadChar didn't find character
LOG: 1971871557 ERROR INT10:ReadChar didn't find character
LOG: 1971871557 ERROR INT10:ReadChar didn't find character
LOG: 1971871557 ERROR INT10:ReadChar didn't find character
LOG: 1971871557 ERROR INT10:ReadChar didn't find character
LOG: 1971871557 ERROR INT10:ReadChar didn't find character
LOG: 1971871557 ERROR INT10:ReadChar didn't find character
LOG: 1971871557 ERROR INT10:ReadChar didn't find character
LOG: 1971871557 ERROR INT10:ReadChar didn't find character
LOG: 1971871557 ERROR INT10:ReadChar didn't find character
LOG: 1971871557 ERROR INT10:ReadChar didn't find character
LOG: 1971871557 ERROR INT10:ReadChar didn't find character
LOG: 1971871557 ERROR INT10:ReadChar didn't find character
LOG: 1971871557 ERROR INT10:ReadChar didn't find character
LOG: 1971871557 ERROR INT10:ReadChar didn't find character
LOG: 1971871557 ERROR INT10:ReadChar didn't find character
LOG: 1971871557 ERROR INT10:ReadChar didn't find character
LOG: 1971871557 ERROR INT10:ReadChar didn't find character
LOG: 1971871557 ERROR INT10:ReadChar didn't find character
LOG: 1971871557 ERROR INT10:ReadChar didn't find character
LOG: 1971871557 ERROR INT10:ReadChar didn't find character
LOG: 1971871557 ERROR INT10:ReadChar didn't find character
LOG: 1971871557 ERROR INT10:ReadChar didn't find character
LOG: 1971871557 ERROR INT10:ReadChar didn't find character
LOG: 1971871557 ERROR INT10:ReadChar didn't find character
LOG: 1971871557 ERROR INT10:ReadChar didn't find character
LOG: 1971871557 ERROR INT10:ReadChar didn't find character
LOG: 1971871557 ERROR INT10:ReadChar didn't find character
LOG: 1971871557 ERROR INT10:ReadChar didn't find character
LOG: 1971871557 ERROR INT10:ReadChar didn't find character
LOG: 1971871557 ERROR INT10:ReadChar didn't find character
LOG: 1971871557 ERROR INT10:ReadChar didn't find character
LOG: 1971871557 ERROR INT10:ReadChar didn't find character
LOG: 1971871557 ERROR INT10:ReadChar didn't find character
LOG: 1971871557 ERROR INT10:ReadChar didn't find character
LOG: 1971871557 ERROR INT10:ReadChar didn't find character
LOG: 1971871557 ERROR INT10:ReadChar didn't find character
LOG: 1971871557 ERROR INT10:ReadChar didn't find character
LOG: 1971871557 ERROR INT10:ReadChar didn't find character
LOG: 1971871557 ERROR INT10:ReadChar didn't find character
LOG: 1971871557 ERROR INT10:ReadChar didn't find character
LOG: 1971871557 ERROR INT10:ReadChar didn't find character
LOG: 1971871557 ERROR INT10:ReadChar didn't find character
LOG: 1971871557 ERROR INT10:ReadChar didn't find character
LOG: 1971871557 ERROR INT10:ReadChar didn't find character
LOG: 1971871557 ERROR INT10:ReadChar didn't find character
LOG: 1971871557 ERROR INT10:ReadChar didn't find character
LOG: 1971871557 ERROR INT10:ReadChar didn't find character
LOG: 1971871557 ERROR INT10:ReadChar didn't find character
LOG: 1971871557 ERROR INT10:ReadChar didn't find character
LOG: 1971871557 ERROR INT10:ReadChar didn't find character
LOG: 1971871557 ERROR INT10:ReadChar didn't find character
LOG: 1971871557 ERROR INT10:ReadChar didn't find character
LOG: 1971871557 ERROR INT10:ReadChar didn't find character
LOG: 1971871557 ERROR INT10:ReadChar didn't find character
LOG: 1971871557 ERROR INT10:ReadChar didn't find character
LOG: 1971871557 ERROR INT10:ReadChar didn't find character
LOG: 1971871557 ERROR INT10:ReadChar didn't find character
LOG: 1971871557 ERROR INT10:ReadChar didn't find character
LOG: 1971871557 ERROR INT10:ReadChar didn't find character
LOG: 1971871557 ERROR INT10:ReadChar didn't find character
LOG: 1971871557 ERROR INT10:ReadChar didn't find character
LOG: 1971871557 ERROR INT10:ReadChar didn't find character
LOG: 1971871557 ERROR INT10:ReadChar didn't find character
LOG: 1971871557 ERROR INT10:ReadChar didn't find character
LOG: 1971871557 ERROR INT10:ReadChar didn't find character
LOG: 1971871557 ERROR INT10:ReadChar didn't find character
LOG: 1971871557 ERROR INT10:ReadChar didn't find character
LOG: 1971871557 ERROR INT10:ReadChar didn't find character
LOG: 1971871557 ERROR INT10:ReadChar didn't find character
LOG: 1971871557 ERROR INT10:ReadChar didn't find character
LOG: 1971871557 ERROR INT10:ReadChar didn't find character
LOG: 1971871557 ERROR INT10:ReadChar didn't find character
LOG: 1971871557 ERROR INT10:ReadChar didn't find character
LOG: 1971871557 ERROR INT10:ReadChar didn't find character
LOG: 1971871557 ERROR INT10:ReadChar didn't find character
LOG: 1971871557 ERROR INT10:ReadChar didn't find character
LOG: 1971871557 ERROR INT10:ReadChar didn't find character
LOG: 1971871557 ERROR INT10:ReadChar didn't find character
LOG: 1971871557 ERROR INT10:ReadChar didn't find character
LOG: 1971871557 ERROR INT10:ReadChar didn't find character
LOG: 1971871557 ERROR INT10:ReadChar didn't find character
LOG: 1971871557 ERROR INT10:ReadChar didn't find character
LOG: 1971871557 ERROR INT10:ReadChar didn't find character
LOG: 1971871557 ERROR INT10:ReadChar didn't find character
LOG: 1971871557 ERROR INT10:ReadChar didn't find character
LOG: 1971871557 ERROR INT10:ReadChar didn't find character
LOG: 1971871557 ERROR INT10:ReadChar didn't find character
LOG: 1971871557 ERROR INT10:ReadChar didn't find character
LOG: 1971871557 ERROR INT10:ReadChar didn't find character
LOG: 1971871557 ERROR INT10:ReadChar didn't find character
LOG: 1971871557 ERROR INT10:ReadChar didn't find character
LOG: 1971871557 ERROR INT10:ReadChar didn't find character
LOG: 1971871557 ERROR INT10:ReadChar didn't find character
LOG: 1971871557 ERROR INT10:ReadChar didn't find character
LOG: 1971871557 ERROR INT10:ReadChar didn't find character
LOG: 1971871557 ERROR INT10:ReadChar didn't find character
LOG: 1971871557 ERROR INT10:ReadChar didn't find character
LOG: 1971871557 ERROR INT10:ReadChar didn't find character
LOG: 1971871557 ERROR INT10:ReadChar didn't find character
LOG: 1971871557 ERROR INT10:ReadChar didn't find character
LOG: 1971871557 ERROR INT10:ReadChar didn't find character
LOG: 1971871557 ERROR INT10:ReadChar didn't find character
LOG: 1971871557 ERROR INT10:ReadChar didn't find character
LOG: 1971871557 ERROR INT10:ReadChar didn't find character
LOG: 1971871557 ERROR INT10:ReadChar didn't find character
LOG: 1971871557 ERROR INT10:ReadChar didn't find character
LOG: 1971871557 ERROR INT10:ReadChar didn't find character
LOG: 1971871557 ERROR INT10:ReadChar didn't find character
LOG: 1971871557 ERROR INT10:ReadChar didn't find character
LOG: 1971871557 ERROR INT10:ReadChar didn't find character
LOG: 1971871557 ERROR INT10:ReadChar didn't find character
LOG: 1971871557 ERROR INT10:ReadChar didn't find character
LOG: 1971871557 ERROR INT10:ReadChar didn't find character
LOG: 1971871557 ERROR INT10:ReadChar didn't find character
LOG: 1971871557 ERROR INT10:ReadChar didn't find character
LOG: 1971871557 ERROR INT10:ReadChar didn't find character
LOG: 1971871557 ERROR INT10:ReadChar didn't find character
LOG: 1971871557 ERROR INT10:ReadChar didn't find character
LOG: 1971871557 ERROR INT10:ReadChar didn't find character
LOG: 1971871557 ERROR INT10:ReadChar didn't find character
LOG: 1971871557 ERROR INT10:ReadChar didn't find character
LOG: 1971871557 ERROR INT10:ReadChar didn't find character
LOG: 1971871557 ERROR INT10:ReadChar didn't find character
LOG: 1971871557 ERROR INT10:ReadChar didn't find character
LOG: 1971871557 ERROR INT10:ReadChar didn't find character
LOG: 1971871557 ERROR INT10:ReadChar didn't find character
LOG: 1971871557 ERROR INT10:ReadChar didn't find character
LOG: 1971871557 ERROR INT10:ReadChar didn't find character
LOG: 1971871557 ERROR INT10:ReadChar didn't find character
LOG: 1971871557 ERROR INT10:ReadChar didn't find character
LOG: 1971871557 ERROR INT10:ReadChar didn't find character
LOG: 1971871557 ERROR INT10:ReadChar didn't find character
LOG: 1971871557 ERROR INT10:ReadChar didn't find character
LOG: 1971871557 ERROR INT10:ReadChar didn't find character
LOG: 1971871557 ERROR INT10:ReadChar didn't find character
LOG: 1971871557 ERROR INT10:ReadChar didn't find character
LOG: 1971871557 ERROR INT10:ReadChar didn't find character
LOG: 1971871557 ERROR INT10:ReadChar didn't find character
LOG: 1971871557 ERROR INT10:ReadChar didn't find character
LOG: 1971871557 ERROR INT10:ReadChar didn't find character
LOG: 1971871557 ERROR INT10:ReadChar didn't find character
LOG: 1971871557 ERROR INT10:ReadChar didn't find character
LOG: 1971871557 ERROR INT10:ReadChar didn't find character
LOG: 1971871557 ERROR INT10:ReadChar didn't find character
LOG: 1971871557 ERROR INT10:ReadChar didn't find character
LOG: 1971871557 ERROR INT10:ReadChar didn't find character
LOG: 1971871557 ERROR INT10:ReadChar didn't find character
LOG: 1971871557 ERROR INT10:ReadChar didn't find character
LOG: 1971871557 ERROR INT10:ReadChar didn't find character
LOG: 1971871557 ERROR INT10:ReadChar didn't find character
LOG: 1971871557 ERROR INT10:ReadChar didn't find character
LOG: 1971871557 ERROR INT10:ReadChar didn't find character
LOG: 1971871557 ERROR INT10:ReadChar didn't find character
LOG: 1971871557 ERROR INT10:ReadChar didn't find character
LOG: 1971871557 ERROR INT10:ReadChar didn't find character
LOG: 1971871557 ERROR INT10:ReadChar didn't find character
LOG: 1971871557 ERROR INT10:ReadChar didn't find character
LOG: 1971871557 ERROR INT10:ReadChar didn't find character
LOG: 1971871557 ERROR INT10:ReadChar didn't find character
LOG: 1971871557 ERROR INT10:ReadChar didn't find character
LOG: 1971871557 ERROR INT10:ReadChar didn't find character
LOG: 1971871557 ERROR INT10:ReadChar didn't find character
LOG: 1971871557 ERROR INT10:ReadChar didn't find character
LOG: 1971871557 ERROR INT10:ReadChar didn't find character
LOG: 1971871557 ERROR INT10:ReadChar didn't find character
LOG: 1971871557 ERROR INT10:ReadChar didn't find character
LOG: 1971871557 ERROR INT10:ReadChar didn't find character
LOG: 1971871557 ERROR INT10:ReadChar didn't find character
LOG: 1971871557 ERROR INT10:ReadChar didn't find character
LOG: 1971871557 ERROR INT10:ReadChar didn't find character
LOG: 1971871557 ERROR INT10:ReadChar didn't find character
LOG: 1971871557 ERROR INT10:ReadChar didn't find character
LOG: 1971871557 ERROR INT10:ReadChar didn't find character
LOG: 1971871557 ERROR INT10:ReadChar didn't find character
LOG: 1971871557 ERROR INT10:ReadChar didn't find character
LOG: 1971871557 ERROR INT10:ReadChar didn't find character
LOG: 1971871557 ERROR INT10:ReadChar didn't find character
LOG: 1971871557 ERROR INT10:ReadChar didn't find character
LOG: 1971871557 ERROR INT10:ReadChar didn't find character
LOG: 1971871557 ERROR INT10:ReadChar didn't find character
LOG: 1971871557 ERROR INT10:ReadChar didn't find character
LOG: 1971871557 ERROR INT10:ReadChar didn't find character
LOG: 1971871557 ERROR INT10:ReadChar didn't find character
LOG: 1971871557 ERROR INT10:ReadChar didn't find character
LOG: 2594216482 ERROR INT10:ReadChar didn't find character
LOG: 2594216482 ERROR INT10:ReadChar didn't find character
LOG: 2594216482 ERROR INT10:ReadChar didn't find character
LOG: 2594216482 ERROR INT10:ReadChar didn't find character
LOG: 2594216482 ERROR INT10:ReadChar didn't find character
LOG: 2594216482 ERROR INT10:ReadChar didn't find character
LOG: 2594216482 ERROR INT10:ReadChar didn't find character
LOG: 2594216482 ERROR INT10:ReadChar didn't find character
LOG: 2594216482 ERROR INT10:ReadChar didn't find character
LOG: 2594216482 ERROR INT10:ReadChar didn't find character
LOG: 2594216482 ERROR INT10:ReadChar didn't find character
LOG: 2594216482 ERROR INT10:ReadChar didn't find character
LOG: 2594216482 ERROR INT10:ReadChar didn't find character
LOG: 2594216482 ERROR INT10:ReadChar didn't find character
LOG: 2594216482 ERROR INT10:ReadChar didn't find character
LOG: 2594216482 ERROR INT10:ReadChar didn't find character
LOG: 2594216482 ERROR INT10:ReadChar didn't find character
LOG: 2594216482 ERROR INT10:ReadChar didn't find character
LOG: 2594216482 ERROR INT10:ReadChar didn't find character
LOG: 2594216482 ERROR INT10:ReadChar didn't find character
LOG: 2594216482 ERROR INT10:ReadChar didn't find character
LOG: 2594216482 ERROR INT10:ReadChar didn't find character
LOG: 2594216482 ERROR INT10:ReadChar didn't find character
LOG: 2594216482 ERROR INT10:ReadChar didn't find character
LOG: 2594216482 ERROR INT10:ReadChar didn't find character
LOG: 2594216482 ERROR INT10:ReadChar didn't find character
LOG: 2594216482 ERROR INT10:ReadChar didn't find character
LOG: 2594216482 ERROR INT10:ReadChar didn't find character
LOG: 2594216482 ERROR INT10:ReadChar didn't find character
LOG: 2594216482 ERROR INT10:ReadChar didn't find character
LOG: 2594216482 ERROR INT10:ReadChar didn't find character
LOG: 2594216482 ERROR INT10:ReadChar didn't find character
LOG: 2594216482 ERROR INT10:ReadChar didn't find character
LOG: 2594216482 ERROR INT10:ReadChar didn't find character
LOG: 2594216482 ERROR INT10:ReadChar didn't find character
LOG: 2594216482 ERROR INT10:ReadChar didn't find character
LOG: 2594216482 ERROR INT10:ReadChar didn't find character
LOG: 2594216482 ERROR INT10:ReadChar didn't find character
LOG: 2594216482 ERROR INT10:ReadChar didn't find character
LOG: 2594216482 ERROR INT10:ReadChar didn't find character
LOG: 2594216482 ERROR INT10:ReadChar didn't find character
LOG: 2594216482 ERROR INT10:ReadChar didn't find character
LOG: 2594216482 ERROR INT10:ReadChar didn't find character
LOG: 2594216482 ERROR INT10:ReadChar didn't find character
LOG: 2594216482 ERROR INT10:ReadChar didn't find character
LOG: 2594216482 ERROR INT10:ReadChar didn't find character
LOG: 2594216482 ERROR INT10:ReadChar didn't find character
LOG: 2594216482 ERROR INT10:ReadChar didn't find character
LOG: 2594216482 ERROR INT10:ReadChar didn't find character
LOG: 2594216482 ERROR INT10:ReadChar didn't find character
LOG: 2594216482 ERROR INT10:ReadChar didn't find character
LOG: 2594216482 ERROR INT10:ReadChar didn't find character
LOG: 2594216482 ERROR INT10:ReadChar didn't find character
LOG: 2594216482 ERROR INT10:ReadChar didn't find character
LOG: 2594216482 ERROR INT10:ReadChar didn't find character
LOG: 2594216482 ERROR INT10:ReadChar didn't find character
LOG: 2594216482 ERROR INT10:ReadChar didn't find character
LOG: 2594216482 ERROR INT10:ReadChar didn't find character
LOG: 2594216482 ERROR INT10:ReadChar didn't find character
LOG: 2594216482 ERROR INT10:ReadChar didn't find character
LOG: 2594216482 ERROR INT10:ReadChar didn't find character
LOG: 2594216482 ERROR INT10:ReadChar didn't find character
LOG: 2594216482 ERROR INT10:ReadChar didn't find character
LOG: 2594216482 ERROR INT10:ReadChar didn't find character
LOG: 2594216482 ERROR INT10:ReadChar didn't find character
LOG: 2594216482 ERROR INT10:ReadChar didn't find character
LOG: 2594216482 ERROR INT10:ReadChar didn't find character
LOG: 2594216482 ERROR INT10:ReadChar didn't find character
LOG: 2594216482 ERROR INT10:ReadChar didn't find character
LOG: 2594216482 ERROR INT10:ReadChar didn't find character
LOG: 2594216482 ERROR INT10:ReadChar didn't find character
LOG: 2594216482 ERROR INT10:ReadChar didn't find character
LOG: 2594216482 ERROR INT10:ReadChar didn't find character
LOG: 2594216482 ERROR INT10:ReadChar didn't find character
LOG: 2594216482 ERROR INT10:ReadChar didn't find character
LOG: 2594216482 ERROR INT10:ReadChar didn't find character
LOG: 2594216482 ERROR INT10:ReadChar didn't find character
LOG: 2594216482 ERROR INT10:ReadChar didn't find character
LOG: 2594216482 ERROR INT10:ReadChar didn't find character
LOG: 2594216482 ERROR INT10:ReadChar didn't find character
LOG: 2594216482 ERROR INT10:ReadChar didn't find character
LOG: 2594216482 ERROR INT10:ReadChar didn't find character
LOG: 2594216482 ERROR INT10:ReadChar didn't find character
LOG: 2594216482 ERROR INT10:ReadChar didn't find character
LOG: 2594216482 ERROR INT10:ReadChar didn't find character
LOG: 2594216482 ERROR INT10:ReadChar didn't find character
LOG: 2594216482 ERROR INT10:ReadChar didn't find character
LOG: 2594216482 ERROR INT10:ReadChar didn't find character
LOG: 2594216482 ERROR INT10:ReadChar didn't find character
LOG: 2594216482 ERROR INT10:ReadChar didn't find character
LOG: 2594216482 ERROR INT10:ReadChar didn't find character
LOG: 2594216482 ERROR INT10:ReadChar didn't find character
LOG: 2594216482 ERROR INT10:ReadChar didn't find character
LOG: 2594216482 ERROR INT10:ReadChar didn't find character
LOG: 2594216482 ERROR INT10:ReadChar didn't find character
LOG: 2594216482 ERROR INT10:ReadChar didn't find character
LOG: 2594216482 ERROR INT10:ReadChar didn't find character
LOG: 2594216482 ERROR INT10:ReadChar didn't find character
LOG: 2594216482 ERROR INT10:ReadChar didn't find character
LOG: 2594216482 ERROR INT10:ReadChar didn't find character
LOG: 2594216482 ERROR INT10:ReadChar didn't find character
LOG: 2594216482 ERROR INT10:ReadChar didn't find character
LOG: 2594216482 ERROR INT10:ReadChar didn't find character
LOG: 2594216482 ERROR INT10:ReadChar didn't find character
LOG: 2594216482 ERROR INT10:ReadChar didn't find character
LOG: 2594216482 ERROR INT10:ReadChar didn't find character
LOG: 2594216482 ERROR INT10:ReadChar didn't find character
LOG: 2594216482 ERROR INT10:ReadChar didn't find character
LOG: 2594216482 ERROR INT10:ReadChar didn't find character
LOG: 2594216482 ERROR INT10:ReadChar didn't find character
LOG: 2594216482 ERROR INT10:ReadChar didn't find character
LOG: 2594216482 ERROR INT10:ReadChar didn't find character
LOG: 2594216482 ERROR INT10:ReadChar didn't find character
LOG: 2594216482 ERROR INT10:ReadChar didn't find character
LOG: 2594216482 ERROR INT10:ReadChar didn't find character
LOG: 2594216482 ERROR INT10:ReadChar didn't find character
LOG: 2594216482 ERROR INT10:ReadChar didn't find character
LOG: 2594216482 ERROR INT10:ReadChar didn't find character
LOG: 2594216482 ERROR INT10:ReadChar didn't find character
LOG: 2594216482 ERROR INT10:ReadChar didn't find character
LOG: 2594216482 ERROR INT10:ReadChar didn't find character
LOG: 2594216482 ERROR INT10:ReadChar didn't find character
LOG: 2594216482 ERROR INT10:ReadChar didn't find character
LOG: 2594216482 ERROR INT10:ReadChar didn't find character
LOG: 2594216482 ERROR INT10:ReadChar didn't find character
LOG: 2594216482 ERROR INT10:ReadChar didn't find character
LOG: 2594216482 ERROR INT10:ReadChar didn't find character
LOG: 2594216482 ERROR INT10:ReadChar didn't find character
LOG: 2594216482 ERROR INT10:ReadChar didn't find character
LOG: 2594216482 ERROR INT10:ReadChar didn't find character
LOG: 2594216482 ERROR INT10:ReadChar didn't find character
LOG: 2594216482 ERROR INT10:ReadChar didn't find character
LOG: 2594216482 ERROR INT10:ReadChar didn't find character
LOG: 2594216482 ERROR INT10:ReadChar didn't find character
LOG: 2594216482 ERROR INT10:ReadChar didn't find character
LOG: 2594216482 ERROR INT10:ReadChar didn't find character
LOG: 2594216482 ERROR INT10:ReadChar didn't find character
LOG: 2594216482 ERROR INT10:ReadChar didn't find character
LOG: 2594216482 ERROR INT10:ReadChar didn't find character
LOG: 2594216482 ERROR INT10:ReadChar didn't find character
LOG: 2594216482 ERROR INT10:ReadChar didn't find character
LOG: 2594216482 ERROR INT10:ReadChar didn't find character
LOG: 2594216482 ERROR INT10:ReadChar didn't find character
LOG: 2594216482 ERROR INT10:ReadChar didn't find character
LOG: 2594216482 ERROR INT10:ReadChar didn't find character
LOG: 2594216482 ERROR INT10:ReadChar didn't find character
LOG: 2594216482 ERROR INT10:ReadChar didn't find character
LOG: 2594216482 ERROR INT10:ReadChar didn't find character
LOG: 2594216482 ERROR INT10:ReadChar didn't find character
LOG: 2594216482 ERROR INT10:ReadChar didn't find character
LOG: 2594216482 ERROR INT10:ReadChar didn't find character
LOG: 2594216482 ERROR INT10:ReadChar didn't find character
LOG: 2594216482 ERROR INT10:ReadChar didn't find character
LOG: 2594216482 ERROR INT10:ReadChar didn't find character
LOG: 2594216482 ERROR INT10:ReadChar didn't find character
LOG: 2594216482 ERROR INT10:ReadChar didn't find character
LOG: 2594216482 ERROR INT10:ReadChar didn't find character
LOG: 2594216482 ERROR INT10:ReadChar didn't find character
LOG: 2594216482 ERROR INT10:ReadChar didn't find character
LOG: 2594216482 ERROR INT10:ReadChar didn't find character
LOG: 2594216482 ERROR INT10:ReadChar didn't find character
LOG: 2594216482 ERROR INT10:ReadChar didn't find character
LOG: 2594216482 ERROR INT10:ReadChar didn't find character
LOG: 2594216482 ERROR INT10:ReadChar didn't find character
LOG: 2594216482 ERROR INT10:ReadChar didn't find character
LOG: 2594216482 ERROR INT10:ReadChar didn't find character
LOG: 2594216482 ERROR INT10:ReadChar didn't find character
LOG: 2594216482 ERROR INT10:ReadChar didn't find character
LOG: 2594216482 ERROR INT10:ReadChar didn't find character
LOG: 2594216482 ERROR INT10:ReadChar didn't find character
LOG: 2594216482 ERROR INT10:ReadChar didn't find character
LOG: 2594216482 ERROR INT10:ReadChar didn't find character
LOG: 2594216482 ERROR INT10:ReadChar didn't find character
LOG: 2594216482 ERROR INT10:ReadChar didn't find character
LOG: 2594216482 ERROR INT10:ReadChar didn't find character
LOG: 2594216482 ERROR INT10:ReadChar didn't find character
LOG: 2594216482 ERROR INT10:ReadChar didn't find character
LOG: 2594216482 ERROR INT10:ReadChar didn't find character
LOG: 2594216482 ERROR INT10:ReadChar didn't find character
LOG: 2594216482 ERROR INT10:ReadChar didn't find character
LOG: 2594216482 ERROR INT10:ReadChar didn't find character
LOG: 2594216482 ERROR INT10:ReadChar didn't find character
LOG: 2594216482 ERROR INT10:ReadChar didn't find character
LOG: 2594216482 ERROR INT10:ReadChar didn't find character
LOG: 2594216482 ERROR INT10:ReadChar didn't find character
LOG: 2594216482 ERROR INT10:ReadChar didn't find character
LOG: 2594216482 ERROR INT10:ReadChar didn't find character
LOG: 2594216482 ERROR INT10:ReadChar didn't find character
LOG: 2594216482 ERROR INT10:ReadChar didn't find character
LOG: 2594216482 ERROR INT10:ReadChar didn't find character
LOG: 2594216482 ERROR INT10:ReadChar didn't find character
LOG: 2594216482 ERROR INT10:ReadChar didn't find character
LOG: 2594216482 ERROR INT10:ReadChar didn't find character
LOG: 2594216482 ERROR INT10:ReadChar didn't find character
LOG: 2594216482 ERROR INT10:ReadChar didn't find character
LOG: 2594216482 ERROR INT10:ReadChar didn't find character
LOG: 2594216482 ERROR INT10:ReadChar didn't find character
LOG: 2594216482 ERROR INT10:ReadChar didn't find character
LOG: 2594216482 ERROR INT10:ReadChar didn't find character
LOG: 2594216482 ERROR INT10:ReadChar didn't find character
LOG: 2594216482 ERROR INT10:ReadChar didn't find character
LOG: 2594216482 ERROR INT10:ReadChar didn't find character
LOG: 2594216482 ERROR INT10:ReadChar didn't find character
LOG: 2594216482 ERROR INT10:ReadChar didn't find character
LOG: 2594216482 ERROR INT10:ReadChar didn't find character
LOG: 2594216482 ERROR INT10:ReadChar didn't find character
LOG: 2594216482 ERROR INT10:ReadChar didn't find character
LOG: 2594216482 ERROR INT10:ReadChar didn't find character
LOG: 2594216482 ERROR INT10:ReadChar didn't find character
LOG: 2594216482 ERROR INT10:ReadChar didn't find character
LOG: 2594216482 ERROR INT10:ReadChar didn't find character
LOG: 2594216482 ERROR INT10:ReadChar didn't find character
LOG: 2594216482 ERROR INT10:ReadChar didn't find character
LOG: 2594216482 ERROR INT10:ReadChar didn't find character
LOG: 2594216482 ERROR INT10:ReadChar didn't find character
LOG: 2594216482 ERROR INT10:ReadChar didn't find character
LOG: 2594216482 ERROR INT10:ReadChar didn't find character
LOG: 2594216482 ERROR INT10:ReadChar didn't find character
LOG: 2594216482 ERROR INT10:ReadChar didn't find character
LOG: 2594216482 ERROR INT10:ReadChar didn't find character
LOG: 2594216482 ERROR INT10:ReadChar didn't find character
LOG: 2594216482 ERROR INT10:ReadChar didn't find character
LOG: 2594216482 ERROR INT10:ReadChar didn't find character
LOG: 2594216482 ERROR INT10:ReadChar didn't find character
LOG: 2594216482 ERROR INT10:ReadChar didn't find character
LOG: 2594216482 ERROR INT10:ReadChar didn't find character
LOG: 2594216482 ERROR INT10:ReadChar didn't find character
LOG: 2594216482 ERROR INT10:ReadChar didn't find character
LOG: 2594216482 ERROR INT10:ReadChar didn't find character
LOG: 2594216482 ERROR INT10:ReadChar didn't find character
LOG: 2594216482 ERROR INT10:ReadChar didn't find character
LOG: 2594216482 ERROR INT10:ReadChar didn't find character
LOG: 2594216482 ERROR INT10:ReadChar didn't find character
LOG: 2594216482 ERROR INT10:ReadChar didn't find character
LOG: 2594216482 ERROR INT10:ReadChar didn't find character
LOG: 2594216482 ERROR INT10:ReadChar didn't find character
LOG: 2594216482 ERROR INT10:ReadChar didn't find character
LOG: 2594216482 ERROR INT10:ReadChar didn't find character
LOG: 2594216482 ERROR INT10:ReadChar didn't find character
LOG: 2594216482 ERROR INT10:ReadChar didn't find character
LOG: 2594216482 ERROR INT10:ReadChar didn't find character
LOG: 2594216482 ERROR INT10:ReadChar didn't find character
LOG: 2594216482 ERROR INT10:ReadChar didn't find character
LOG: 2594216482 ERROR INT10:ReadChar didn't find character
LOG: 2594216482 ERROR INT10:ReadChar didn't find character
LOG: 2594216482 ERROR INT10:ReadChar didn't find character
LOG: 2594216482 ERROR INT10:ReadChar didn't find character
LOG: 2594216482 ERROR INT10:ReadChar didn't find character
LOG: 2594216482 ERROR INT10:ReadChar didn't find character
LOG: 2594216482 ERROR INT10:ReadChar didn't find character
LOG: 2594216482 ERROR INT10:ReadChar didn't find character
LOG: 2594216482 ERROR INT10:ReadChar didn't find character
LOG: 2594216482 ERROR INT10:ReadChar didn't find character
LOG: 2594216482 ERROR INT10:ReadChar didn't find character
LOG: 2594216482 ERROR INT10:ReadChar didn't find character
LOG: 2594216482 ERROR INT10:ReadChar didn't find character
LOG: 2594216482 ERROR INT10:ReadChar didn't find character
LOG: 2594216482 ERROR INT10:ReadChar didn't find character
LOG: 2594216482 ERROR INT10:ReadChar didn't find character
LOG: 2594216482 ERROR INT10:ReadChar didn't find character
LOG: 2594216482 ERROR INT10:ReadChar didn't find character
LOG: 2594216482 ERROR INT10:ReadChar didn't find character
LOG: 2594216482 ERROR INT10:ReadChar didn't find character
LOG: 2594216482 ERROR INT10:ReadChar didn't find character
LOG: 2594216482 ERROR INT10:ReadChar didn't find character
LOG: 2594216482 ERROR INT10:ReadChar didn't find character
LOG: 2594216482 ERROR INT10:ReadChar didn't find character
LOG: 2594216482 ERROR INT10:ReadChar didn't find character
LOG: 2594216482 ERROR INT10:ReadChar didn't find character
LOG: 2594216482 ERROR INT10:ReadChar didn't find character
LOG: 2594216482 ERROR INT10:ReadChar didn't find character
LOG: 2594216482 ERROR INT10:ReadChar didn't find character
LOG: 2594216482 ERROR INT10:ReadChar didn't find character
LOG: 2594216482 ERROR INT10:ReadChar didn't find character
LOG: 2594216482 ERROR INT10:ReadChar didn't find character
LOG: 2594216482 ERROR INT10:ReadChar didn't find character
LOG: 2594216482 ERROR INT10:ReadChar didn't find character
LOG: 2594216482 ERROR INT10:ReadChar didn't find character
LOG: 2594216482 ERROR INT10:ReadChar didn't find character
LOG: 2594216482 ERROR INT10:ReadChar didn't find character
LOG: 2594216482 ERROR INT10:ReadChar didn't find character
LOG: 2594216482 ERROR INT10:ReadChar didn't find character
LOG: 2594216482 ERROR INT10:ReadChar didn't find character
LOG: 2594216482 ERROR INT10:ReadChar didn't find character
LOG: 2594216482 ERROR INT10:ReadChar didn't find character
LOG: 2594216482 ERROR INT10:ReadChar didn't find character
LOG: 2594216482 ERROR INT10:ReadChar didn't find character
LOG: 2594216482 ERROR INT10:ReadChar didn't find character
LOG: 2594216482 ERROR INT10:ReadChar didn't find character
LOG: 2594216482 ERROR INT10:ReadChar didn't find character
LOG: 2594216482 ERROR INT10:ReadChar didn't find character
LOG: 2594216482 ERROR INT10:ReadChar didn't find character
LOG: 2594216482 ERROR INT10:ReadChar didn't find character
LOG: 2594216482 ERROR INT10:ReadChar didn't find character
LOG: 2594216482 ERROR INT10:ReadChar didn't find character
LOG: 2594216482 ERROR INT10:ReadChar didn't find character
LOG: 2594216482 ERROR INT10:ReadChar didn't find character
LOG: 2594216482 ERROR INT10:ReadChar didn't find character
LOG: 2594216482 ERROR INT10:ReadChar didn't find character
LOG: 2594216482 ERROR INT10:ReadChar didn't find character
LOG: 2594216482 ERROR INT10:ReadChar didn't find character
LOG: 2594216482 ERROR INT10:ReadChar didn't find character
LOG: 2594216482 ERROR INT10:ReadChar didn't find character
LOG: 2594216482 ERROR INT10:ReadChar didn't find character
LOG: 2594216482 ERROR INT10:ReadChar didn't find character
LOG: 2594216482 ERROR INT10:ReadChar didn't find character
LOG: 2594216482 ERROR INT10:ReadChar didn't find character
LOG: 2594216482 ERROR INT10:ReadChar didn't find character
LOG: 2594216482 ERROR INT10:ReadChar didn't find character
LOG: 2594216482 ERROR INT10:ReadChar didn't find character
LOG: 2594216482 ERROR INT10:ReadChar didn't find character
LOG: 2594216482 ERROR INT10:ReadChar didn't find character
LOG: 2594216482 ERROR INT10:ReadChar didn't find character
LOG: 2594216482 ERROR INT10:ReadChar didn't find character
LOG: 2594216482 ERROR INT10:ReadChar didn't find character
LOG: 2594216482 ERROR INT10:ReadChar didn't find character
LOG: 2594216482 ERROR INT10:ReadChar didn't find character
LOG: 2594216482 ERROR INT10:ReadChar didn't find character
LOG: 2594216482 ERROR INT10:ReadChar didn't find character
LOG: 2594216482 ERROR INT10:ReadChar didn't find character
LOG: 2594216482 ERROR INT10:ReadChar didn't find character
LOG: 2594216482 ERROR INT10:ReadChar didn't find character
LOG: 2594216482 ERROR INT10:ReadChar didn't find character
LOG: 2594216482 ERROR INT10:ReadChar didn't find character
LOG: 2594216482 ERROR INT10:ReadChar didn't find character
LOG: 2594216482 ERROR INT10:ReadChar didn't find character
LOG: 2594216482 ERROR INT10:ReadChar didn't find character
LOG: 2594216482 ERROR INT10:ReadChar didn't find character
LOG: 2594216482 ERROR INT10:ReadChar didn't find character
LOG: 2594216482 ERROR INT10:ReadChar didn't find character
LOG: 2594216482 ERROR INT10:ReadChar didn't find character
LOG: 2594216482 ERROR INT10:ReadChar didn't find character
LOG: 2594216482 ERROR INT10:ReadChar didn't find character
LOG: 2594216482 ERROR INT10:ReadChar didn't find character
LOG: 2594216482 ERROR INT10:ReadChar didn't find character
LOG: 2594216482 ERROR INT10:ReadChar didn't find character
LOG: 2594216482 ERROR INT10:ReadChar didn't find character
LOG: 2594216482 ERROR INT10:ReadChar didn't find character
LOG: 2594216482 ERROR INT10:ReadChar didn't find character
LOG: 2594216482 ERROR INT10:ReadChar didn't find character
LOG: 2594216482 ERROR INT10:ReadChar didn't find character
LOG: 2594216482 ERROR INT10:ReadChar didn't find character
LOG: 2594216482 ERROR INT10:ReadChar didn't find character
LOG: 2594216482 ERROR INT10:ReadChar didn't find character
LOG: 2594216482 ERROR INT10:ReadChar didn't find character
LOG: 2594216482 ERROR INT10:ReadChar didn't find character
LOG: 2594216482 ERROR INT10:ReadChar didn't find character
LOG: 2594216482 ERROR INT10:ReadChar didn't find character
LOG: 2594216482 ERROR INT10:ReadChar didn't find character
LOG: 2594216482 ERROR INT10:ReadChar didn't find character
LOG: 2594216482 ERROR INT10:ReadChar didn't find character
LOG: 2594216482 ERROR INT10:ReadChar didn't find character
LOG: 2594216482 ERROR INT10:ReadChar didn't find character
LOG: 2594216482 ERROR INT10:ReadChar didn't find character
LOG: 2594216482 ERROR INT10:ReadChar didn't find character
LOG: 2594216482 ERROR INT10:ReadChar didn't find character
LOG: 2594216482 ERROR INT10:ReadChar didn't find character
LOG: 2594216482 ERROR INT10:ReadChar didn't find character
LOG: 2594216482 ERROR INT10:ReadChar didn't find character
LOG: 2594216482 ERROR INT10:ReadChar didn't find character
LOG: 2594216482 ERROR INT10:ReadChar didn't find character
LOG: 2594216482 ERROR INT10:ReadChar didn't find character
LOG: 2594216482 ERROR INT10:ReadChar didn't find character
LOG: 2594216482 ERROR INT10:ReadChar didn't find character
LOG: 2594216482 ERROR INT10:ReadChar didn't find character
LOG: 2594216482 ERROR INT10:ReadChar didn't find character
LOG: 2594216482 ERROR INT10:ReadChar didn't find character
LOG: 2594216482 ERROR INT10:ReadChar didn't find character
LOG: 2594216482 ERROR INT10:ReadChar didn't find character
LOG: 2594216482 ERROR INT10:ReadChar didn't find character
LOG: 2594216482 ERROR INT10:ReadChar didn't find character
LOG: 2594216482 ERROR INT10:ReadChar didn't find character
LOG: 2594216482 ERROR INT10:ReadChar didn't find character
LOG: 2594216482 ERROR INT10:ReadChar didn't find character
LOG: 2594216482 ERROR INT10:ReadChar didn't find character
LOG: 2594216482 ERROR INT10:ReadChar didn't find character
LOG: 2594216482 ERROR INT10:ReadChar didn't find character
LOG: 2594216482 ERROR INT10:ReadChar didn't find character
LOG: 2594216482 ERROR INT10:ReadChar didn't find character
LOG: 2594216482 ERROR INT10:ReadChar didn't find character
LOG: 2594216482 ERROR INT10:ReadChar didn't find character
LOG: 2594216482 ERROR INT10:ReadChar didn't find character
LOG: 2594216482 ERROR INT10:ReadChar didn't find character
LOG: 2594216482 ERROR INT10:ReadChar didn't find character
LOG: 2594216482 ERROR INT10:ReadChar didn't find character
LOG: 2594216482 ERROR INT10:ReadChar didn't find character
LOG: 2594216482 ERROR INT10:ReadChar didn't find character
LOG: 2594216482 ERROR INT10:ReadChar didn't find character
LOG: 2594216482 ERROR INT10:ReadChar didn't find character
LOG: 2594216482 ERROR INT10:ReadChar didn't find character
LOG: 2594216482 ERROR INT10:ReadChar didn't find character
LOG: 2594216482 ERROR INT10:ReadChar didn't find character
LOG: 2594216482 ERROR INT10:ReadChar didn't find character
LOG: 2594216482 ERROR INT10:ReadChar didn't find character
LOG: 2594216482 ERROR INT10:ReadChar didn't find character
LOG: 2594216482 ERROR INT10:ReadChar didn't find character
LOG: 2594216482 ERROR INT10:ReadChar didn't find character
LOG: 2594216482 ERROR INT10:ReadChar didn't find character
LOG: 2594216482 ERROR INT10:ReadChar didn't find character
LOG: 2594216482 ERROR INT10:ReadChar didn't find character
LOG: 2594216482 ERROR INT10:ReadChar didn't find character
LOG: 2594216482 ERROR INT10:ReadChar didn't find character
LOG: 2594216482 ERROR INT10:ReadChar didn't find character
LOG: 2594216482 ERROR INT10:ReadChar didn't find character
LOG: 2594216482 ERROR INT10:ReadChar didn't find character
LOG: 2594216482 ERROR INT10:ReadChar didn't find character
LOG: 2594216482 ERROR INT10:ReadChar didn't find character
LOG: 2594216482 ERROR INT10:ReadChar didn't find character
LOG: 2594216482 ERROR INT10:ReadChar didn't find character
LOG: 2594216482 ERROR INT10:ReadChar didn't find character
LOG: 2594216482 ERROR INT10:ReadChar didn't find character
LOG: 2594216482 ERROR INT10:ReadChar didn't find character
LOG: 2594216482 ERROR INT10:ReadChar didn't find character
LOG: 2594216482 ERROR INT10:ReadChar didn't find character
LOG: 2594216482 ERROR INT10:ReadChar didn't find character
LOG: 2594216482 ERROR INT10:ReadChar didn't find character
LOG: 2594216482 ERROR INT10:ReadChar didn't find character
LOG: 2594216482 ERROR INT10:ReadChar didn't find character
LOG: 2594216482 ERROR INT10:ReadChar didn't find character
LOG: 2594216482 ERROR INT10:ReadChar didn't find character
LOG: 2594216482 ERROR INT10:ReadChar didn't find character
LOG: 2594216482 ERROR INT10:ReadChar didn't find character
LOG: 2594216482 ERROR INT10:ReadChar didn't find character
LOG: 2594216482 ERROR INT10:ReadChar didn't find character
LOG: 2594216482 ERROR INT10:ReadChar didn't find character
LOG: 2594216482 ERROR INT10:ReadChar didn't find character
LOG: 2594216482 ERROR INT10:ReadChar didn't find character
LOG: 2594216482 ERROR INT10:ReadChar didn't find character
LOG: 2594216482 ERROR INT10:ReadChar didn't find character
LOG: 2594216482 ERROR INT10:ReadChar didn't find character
LOG: 2594216482 ERROR INT10:ReadChar didn't find character
LOG: 2594216482 ERROR INT10:ReadChar didn't find character
LOG: 2594216482 ERROR INT10:ReadChar didn't find character
LOG: 2594216482 ERROR INT10:ReadChar didn't find character
LOG: 2594216482 ERROR INT10:ReadChar didn't find character
LOG: 2594216482 ERROR INT10:ReadChar didn't find character
LOG: 2594216482 ERROR INT10:ReadChar didn't find character
LOG: 2594216482 ERROR INT10:ReadChar didn't find character
LOG: 2594216482 ERROR INT10:ReadChar didn't find character
LOG: 2594216482 ERROR INT10:ReadChar didn't find character
LOG: 2594216482 ERROR INT10:ReadChar didn't find character
LOG: 2594216482 ERROR INT10:ReadChar didn't find character
LOG: 2594216482 ERROR INT10:ReadChar didn't find character
LOG: 2594216482 ERROR INT10:ReadChar didn't find character
LOG: 2594216482 ERROR INT10:ReadChar didn't find character
LOG: 2594216482 ERROR INT10:ReadChar didn't find character
LOG: 2594216482 ERROR INT10:ReadChar didn't find character
LOG: 2594216482 ERROR INT10:ReadChar didn't find character
LOG: 2594216482 ERROR INT10:ReadChar didn't find character
LOG: 2594216482 ERROR INT10:ReadChar didn't find character
LOG: 2594216482 ERROR INT10:ReadChar didn't find character
LOG: 2594216482 ERROR INT10:ReadChar didn't find character
LOG: 2594216482 ERROR INT10:ReadChar didn't find character
LOG: 2594216482 ERROR INT10:ReadChar didn't find character
LOG: 2594216482 ERROR INT10:ReadChar didn't find character
LOG: 2594216482 ERROR INT10:ReadChar didn't find character
LOG: 2594216482 ERROR INT10:ReadChar didn't find character
LOG: 2594216482 ERROR INT10:ReadChar didn't find character
LOG: 2594216482 ERROR INT10:ReadChar didn't find character
LOG: 2594216482 ERROR INT10:ReadChar didn't find character
LOG: 2594216482 ERROR INT10:ReadChar didn't find character
LOG: 2594216482 ERROR INT10:ReadChar didn't find character
LOG: 2594216482 ERROR INT10:ReadChar didn't find character
LOG: 2594216482 ERROR INT10:ReadChar didn't find character
LOG: 2594216482 ERROR INT10:ReadChar didn't find character
LOG: 2594216482 ERROR INT10:ReadChar didn't find character
LOG: 2594216482 ERROR INT10:ReadChar didn't find character
LOG: 2594216482 ERROR INT10:ReadChar didn't find character
LOG: 2594216482 ERROR INT10:ReadChar didn't find character
LOG: 2594216482 ERROR INT10:ReadChar didn't find character
LOG: 2594216482 ERROR INT10:ReadChar didn't find character
LOG: 2594216482 ERROR INT10:ReadChar didn't find character
LOG: 2594216482 ERROR INT10:ReadChar didn't find character
LOG: 2594216482 ERROR INT10:ReadChar didn't find character
LOG: 2594216482 ERROR INT10:ReadChar didn't find character
LOG: 2594216482 ERROR INT10:ReadChar didn't find character
LOG: 2594216482 ERROR INT10:ReadChar didn't find character
LOG: 2594216482 ERROR INT10:ReadChar didn't find character
LOG: 2594216482 ERROR INT10:ReadChar didn't find character
LOG: 2594216482 ERROR INT10:ReadChar didn't find character
LOG: 2594216482 ERROR INT10:ReadChar didn't find character
LOG: 2594216482 ERROR INT10:ReadChar didn't find character
LOG: 2594216482 ERROR INT10:ReadChar didn't find character
LOG: 2594216482 ERROR INT10:ReadChar didn't find character
LOG: 2594216482 ERROR INT10:ReadChar didn't find character
LOG: 2594216482 ERROR INT10:ReadChar didn't find character
LOG: 2594216482 ERROR INT10:ReadChar didn't find character
LOG: 2594216482 ERROR INT10:ReadChar didn't find character
LOG: 2594216482 ERROR INT10:ReadChar didn't find character
LOG: 2594216482 ERROR INT10:ReadChar didn't find character
LOG: 2594216482 ERROR INT10:ReadChar didn't find character
LOG: 2594216482 ERROR INT10:ReadChar didn't find character
LOG: 2594216482 ERROR INT10:ReadChar didn't find character
LOG: 2594216482 ERROR INT10:ReadChar didn't find character
LOG: 2594216482 ERROR INT10:ReadChar didn't find character
LOG: 2594216482 ERROR INT10:ReadChar didn't find character
LOG: 2594216482 ERROR INT10:ReadChar didn't find character
LOG: 2594216482 ERROR INT10:ReadChar didn't find character
LOG: 2594216482 ERROR INT10:ReadChar didn't find character
LOG: 2594216482 ERROR INT10:ReadChar didn't find character
LOG: 2594216482 ERROR INT10:ReadChar didn't find character
LOG: 2594216482 ERROR INT10:ReadChar didn't find character
LOG: 2594216482 ERROR INT10:ReadChar didn't find character
LOG: 2594216482 ERROR INT10:ReadChar didn't find character
LOG: 2594216482 ERROR INT10:ReadChar didn't find character
LOG: 2594216482 ERROR INT10:ReadChar didn't find character
LOG: 2594216482 ERROR INT10:ReadChar didn't find character
LOG: 2594216482 ERROR INT10:ReadChar didn't find character
LOG: 2594216482 ERROR INT10:ReadChar didn't find character
LOG: 2594216482 ERROR INT10:ReadChar didn't find character
LOG: 2594216482 ERROR INT10:ReadChar didn't find character
LOG: 2594216482 ERROR INT10:ReadChar didn't find character
LOG: 2594216482 ERROR INT10:ReadChar didn't find character
LOG: 2594216482 ERROR INT10:ReadChar didn't find character
LOG: 2594216482 ERROR INT10:ReadChar didn't find character
LOG: 2594216482 ERROR INT10:ReadChar didn't find character
LOG: 2594216482 ERROR INT10:ReadChar didn't find character
LOG: 2594216482 ERROR INT10:ReadChar didn't find character
LOG: 2594216482 ERROR INT10:ReadChar didn't find character
LOG: 2594216482 ERROR INT10:ReadChar didn't find character
LOG: 2594216482 ERROR INT10:ReadChar didn't find character
LOG: 2594216482 ERROR INT10:ReadChar didn't find character
LOG: 2594216482 ERROR INT10:ReadChar didn't find character
LOG: 2594216482 ERROR INT10:ReadChar didn't find character
LOG: 2594216482 ERROR INT10:ReadChar didn't find character
LOG: 2594216482 ERROR INT10:ReadChar didn't find character
LOG: 2594216482 ERROR INT10:ReadChar didn't find character
LOG: 2594216482 ERROR INT10:ReadChar didn't find character
LOG: 2594216482 ERROR INT10:ReadChar didn't find character
LOG: 2594216482 ERROR INT10:ReadChar didn't find character
LOG: 2594216482 ERROR INT10:ReadChar didn't find character
LOG: 2594216482 ERROR INT10:ReadChar didn't find character
LOG: 2594216482 ERROR INT10:ReadChar didn't find character
LOG: 2594216482 ERROR INT10:ReadChar didn't find character
LOG: 2594216482 ERROR INT10:ReadChar didn't find character
LOG: 2594216482 ERROR INT10:ReadChar didn't find character
LOG: 2594216482 ERROR INT10:ReadChar didn't find character
LOG: 2594216482 ERROR INT10:ReadChar didn't find character
LOG: 2594216482 ERROR INT10:ReadChar didn't find character
LOG: 2594216482 ERROR INT10:ReadChar didn't find character
LOG: 2594216482 ERROR INT10:ReadChar didn't find character
LOG: 2594216482 ERROR INT10:ReadChar didn't find character
LOG: 2594216482 ERROR INT10:ReadChar didn't find character
LOG: 2594216482 ERROR INT10:ReadChar didn't find character
LOG: 2594216482 ERROR INT10:ReadChar didn't find character
LOG: 2883132681 ERROR INT10:ReadChar didn't find character
LOG: 2883132681 ERROR INT10:ReadChar didn't find character
LOG: 2883132681 ERROR INT10:ReadChar didn't find character
LOG: 2883132681 ERROR INT10:ReadChar didn't find character
LOG: 2883132681 ERROR INT10:ReadChar didn't find character
LOG: 2883132681 ERROR INT10:ReadChar didn't find character
LOG: 2883132681 ERROR INT10:ReadChar didn't find character
LOG: 2883132681 ERROR INT10:ReadChar didn't find character
LOG: 2883132681 ERROR INT10:ReadChar didn't find character
LOG: 2883132681 ERROR INT10:ReadChar didn't find character
LOG: 2883132681 ERROR INT10:ReadChar didn't find character
LOG: 2883132681 ERROR INT10:ReadChar didn't find character
LOG: 2883132681 ERROR INT10:ReadChar didn't find character
LOG: 2883132681 ERROR INT10:ReadChar didn't find character
LOG: 2883132681 ERROR INT10:ReadChar didn't find character
LOG: 2883132681 ERROR INT10:ReadChar didn't find character
LOG: 2883132681 ERROR INT10:ReadChar didn't find character
LOG: 2883132681 ERROR INT10:ReadChar didn't find character
LOG: 2883132681 ERROR INT10:ReadChar didn't find character
LOG: 2883132681 ERROR INT10:ReadChar didn't find character
LOG: 2883132681 ERROR INT10:ReadChar didn't find character
LOG: 2883132681 ERROR INT10:ReadChar didn't find character
LOG: 2883132681 ERROR INT10:ReadChar didn't find character
LOG: 2883132681 ERROR INT10:ReadChar didn't find character
LOG: 2883132681 ERROR INT10:ReadChar didn't find character
LOG: 2883132681 ERROR INT10:ReadChar didn't find character
LOG: 2883132681 ERROR INT10:ReadChar didn't find character
LOG: 2883132681 ERROR INT10:ReadChar didn't find character
LOG: 2883132681 ERROR INT10:ReadChar didn't find character
LOG: 2883132681 ERROR INT10:ReadChar didn't find character
LOG: 2883132681 ERROR INT10:ReadChar didn't find character
LOG: 2883132681 ERROR INT10:ReadChar didn't find character
LOG: 2883132681 ERROR INT10:ReadChar didn't find character
LOG: 2883132681 ERROR INT10:ReadChar didn't find character
LOG: 2883132681 ERROR INT10:ReadChar didn't find character
LOG: 2883132681 ERROR INT10:ReadChar didn't find character
LOG: 2883132681 ERROR INT10:ReadChar didn't find character
LOG: 2883132681 ERROR INT10:ReadChar didn't find character
LOG: 2883132681 ERROR INT10:ReadChar didn't find character
LOG: 2883132681 ERROR INT10:ReadChar didn't find character
LOG: 2883132681 ERROR INT10:ReadChar didn't find character
LOG: 2883132681 ERROR INT10:ReadChar didn't find character
LOG: 2883132681 ERROR INT10:ReadChar didn't find character
LOG: 2883132681 ERROR INT10:ReadChar didn't find character
LOG: 2883132681 ERROR INT10:ReadChar didn't find character
LOG: 2883132681 ERROR INT10:ReadChar didn't find character
LOG: 2883132681 ERROR INT10:ReadChar didn't find character
LOG: 2883132681 ERROR INT10:ReadChar didn't find character
LOG: 2883132681 ERROR INT10:ReadChar didn't find character
LOG: 2883132681 ERROR INT10:ReadChar didn't find character
LOG: 2883132681 ERROR INT10:ReadChar didn't find character
LOG: 2883132681 ERROR INT10:ReadChar didn't find character
LOG: 2883132681 ERROR INT10:ReadChar didn't find character
LOG: 2883132681 ERROR INT10:ReadChar didn't find character
LOG: 2883132681 ERROR INT10:ReadChar didn't find character
LOG: 2883132681 ERROR INT10:ReadChar didn't find character
LOG: 2883132681 ERROR INT10:ReadChar didn't find character
LOG: 2883132681 ERROR INT10:ReadChar didn't find character
LOG: 2883132681 ERROR INT10:ReadChar didn't find character
LOG: 2883132681 ERROR INT10:ReadChar didn't find character
LOG: 2883132681 ERROR INT10:ReadChar didn't find character
LOG: 2883132681 ERROR INT10:ReadChar didn't find character
LOG: 2883132681 ERROR INT10:ReadChar didn't find character
LOG: 2883132681 ERROR INT10:ReadChar didn't find character
LOG: 2883132681 ERROR INT10:ReadChar didn't find character
LOG: 2883132681 ERROR INT10:ReadChar didn't find character
LOG: 2883132681 ERROR INT10:ReadChar didn't find character
LOG: 2883132681 ERROR INT10:ReadChar didn't find character
LOG: 2883132681 ERROR INT10:ReadChar didn't find character
LOG: 2883132681 ERROR INT10:ReadChar didn't find character
LOG: 2883132681 ERROR INT10:ReadChar didn't find character
LOG: 2883132681 ERROR INT10:ReadChar didn't find character
LOG: 2883132681 ERROR INT10:ReadChar didn't find character
LOG: 2883132681 ERROR INT10:ReadChar didn't find character
LOG: 2883132681 ERROR INT10:ReadChar didn't find character
LOG: 2883132681 ERROR INT10:ReadChar didn't find character
LOG: 2883132681 ERROR INT10:ReadChar didn't find character
LOG: 2883132681 ERROR INT10:ReadChar didn't find character
LOG: 2883132681 ERROR INT10:ReadChar didn't find character
LOG: 2883132681 ERROR INT10:ReadChar didn't find character
LOG: 2883132681 ERROR INT10:ReadChar didn't find character
LOG: 2883132681 ERROR INT10:ReadChar didn't find character
LOG: 2883132681 ERROR INT10:ReadChar didn't find character
LOG: 2883132681 ERROR INT10:ReadChar didn't find character
LOG: 2883132681 ERROR INT10:ReadChar didn't find character
LOG: 2883132681 ERROR INT10:ReadChar didn't find character
LOG: 2883132681 ERROR INT10:ReadChar didn't find character
LOG: 2883132681 ERROR INT10:ReadChar didn't find character
LOG: 2883132681 ERROR INT10:ReadChar didn't find character
LOG: 2883132681 ERROR INT10:ReadChar didn't find character
LOG: 2883132681 ERROR INT10:ReadChar didn't find character
LOG: 2883132681 ERROR INT10:ReadChar didn't find character
LOG: 2883132681 ERROR INT10:ReadChar didn't find character
LOG: 2883132681 ERROR INT10:ReadChar didn't find character
LOG: 2883132681 ERROR INT10:ReadChar didn't find character
LOG: 2883132681 ERROR INT10:ReadChar didn't find character
LOG: 2883132681 ERROR INT10:ReadChar didn't find character
LOG: 2883132681 ERROR INT10:ReadChar didn't find character
LOG: 2883132681 ERROR INT10:ReadChar didn't find character
LOG: 2883132681 ERROR INT10:ReadChar didn't find character
LOG: 2883132681 ERROR INT10:ReadChar didn't find character
LOG: 2883132681 ERROR INT10:ReadChar didn't find character
LOG: 2883132681 ERROR INT10:ReadChar didn't find character
LOG: 2883132681 ERROR INT10:ReadChar didn't find character
LOG: 2883132681 ERROR INT10:ReadChar didn't find character
LOG: 2883132681 ERROR INT10:ReadChar didn't find character
LOG: 2883132681 ERROR INT10:ReadChar didn't find character
LOG: 2883132681 ERROR INT10:ReadChar didn't find character
LOG: 2883132681 ERROR INT10:ReadChar didn't find character
LOG: 2883132681 ERROR INT10:ReadChar didn't find character
LOG: 2883132681 ERROR INT10:ReadChar didn't find character
LOG: 2883132681 ERROR INT10:ReadChar didn't find character
LOG: 2883132681 ERROR INT10:ReadChar didn't find character
LOG: 2883132681 ERROR INT10:ReadChar didn't find character
LOG: 2883132681 ERROR INT10:ReadChar didn't find character
LOG: 2883132681 ERROR INT10:ReadChar didn't find character
LOG: 2883132681 ERROR INT10:ReadChar didn't find character
LOG: 2883132681 ERROR INT10:ReadChar didn't find character
LOG: 2883132681 ERROR INT10:ReadChar didn't find character
LOG: 2883132681 ERROR INT10:ReadChar didn't find character
LOG: 2883132681 ERROR INT10:ReadChar didn't find character
LOG: 2883132681 ERROR INT10:ReadChar didn't find character
LOG: 2883132681 ERROR INT10:ReadChar didn't find character
LOG: 2883132681 ERROR INT10:ReadChar didn't find character
LOG: 2883132681 ERROR INT10:ReadChar didn't find character
LOG: 2883132681 ERROR INT10:ReadChar didn't find character
LOG: 2883132681 ERROR INT10:ReadChar didn't find character
LOG: 2883132681 ERROR INT10:ReadChar didn't find character
LOG: 2883132681 ERROR INT10:ReadChar didn't find character
LOG: 2883132681 ERROR INT10:ReadChar didn't find character
LOG: 2883132681 ERROR INT10:ReadChar didn't find character
LOG: 2883132681 ERROR INT10:ReadChar didn't find character
LOG: 2883132681 ERROR INT10:ReadChar didn't find character
LOG: 2883132681 ERROR INT10:ReadChar didn't find character
LOG: 2883132681 ERROR INT10:ReadChar didn't find character
LOG: 2883132681 ERROR INT10:ReadChar didn't find character
LOG: 2883132681 ERROR INT10:ReadChar didn't find character
LOG: 2883132681 ERROR INT10:ReadChar didn't find character
LOG: 2883132681 ERROR INT10:ReadChar didn't find character
LOG: 2883132681 ERROR INT10:ReadChar didn't find character
LOG: 2883132681 ERROR INT10:ReadChar didn't find character
LOG: 2883132681 ERROR INT10:ReadChar didn't find character
LOG: 2883132681 ERROR INT10:ReadChar didn't find character
LOG: 2883132681 ERROR INT10:ReadChar didn't find character
LOG: 2883132681 ERROR INT10:ReadChar didn't find character
LOG: 2883132681 ERROR INT10:ReadChar didn't find character
LOG: 2883132681 ERROR INT10:ReadChar didn't find character
LOG: 2883132681 ERROR INT10:ReadChar didn't find character
LOG: 2883132681 ERROR INT10:ReadChar didn't find character
LOG: 2883132681 ERROR INT10:ReadChar didn't find character
LOG: 2883132681 ERROR INT10:ReadChar didn't find character
LOG: 2883132681 ERROR INT10:ReadChar didn't find character
LOG: 2883132681 ERROR INT10:ReadChar didn't find character
LOG: 2883132681 ERROR INT10:ReadChar didn't find character
LOG: 2883132681 ERROR INT10:ReadChar didn't find character
LOG: 2883132681 ERROR INT10:ReadChar didn't find character
LOG: 2883132681 ERROR INT10:ReadChar didn't find character
LOG: 2883132681 ERROR INT10:ReadChar didn't find character
LOG: 2883132681 ERROR INT10:ReadChar didn't find character
LOG: 2883132681 ERROR INT10:ReadChar didn't find character
LOG: 2883132681 ERROR INT10:ReadChar didn't find character
LOG: 2883132681 ERROR INT10:ReadChar didn't find character
LOG: 2883132681 ERROR INT10:ReadChar didn't find character
LOG: 2883132681 ERROR INT10:ReadChar didn't find character
LOG: 2883132681 ERROR INT10:ReadChar didn't find character
LOG: 2883132681 ERROR INT10:ReadChar didn't find character
LOG: 2883132681 ERROR INT10:ReadChar didn't find character
LOG: 2883132681 ERROR INT10:ReadChar didn't find character
LOG: 2883132681 ERROR INT10:ReadChar didn't find character
LOG: 2883132681 ERROR INT10:ReadChar didn't find character
LOG: 2883132681 ERROR INT10:ReadChar didn't find character
LOG: 2883132681 ERROR INT10:ReadChar didn't find character
LOG: 2883132681 ERROR INT10:ReadChar didn't find character
LOG: 2883132681 ERROR INT10:ReadChar didn't find character
LOG: 2883132681 ERROR INT10:ReadChar didn't find character
LOG: 2883132681 ERROR INT10:ReadChar didn't find character
LOG: 2883132681 ERROR INT10:ReadChar didn't find character
LOG: 2883132681 ERROR INT10:ReadChar didn't find character
LOG: 2883132681 ERROR INT10:ReadChar didn't find character
LOG: 2883132681 ERROR INT10:ReadChar didn't find character
LOG: 2883132681 ERROR INT10:ReadChar didn't find character
LOG: 2883132681 ERROR INT10:ReadChar didn't find character
LOG: 2883132681 ERROR INT10:ReadChar didn't find character
LOG: 2883132681 ERROR INT10:ReadChar didn't find character
LOG: 2883132681 ERROR INT10:ReadChar didn't find character
LOG: 2883132681 ERROR INT10:ReadChar didn't find character
LOG: 2883132681 ERROR INT10:ReadChar didn't find character
LOG: 2883132681 ERROR INT10:ReadChar didn't find character
LOG: 2883132681 ERROR INT10:ReadChar didn't find character
LOG: 2883132681 ERROR INT10:ReadChar didn't find character
LOG: 2883132681 ERROR INT10:ReadChar didn't find character
LOG: 2883132681 ERROR INT10:ReadChar didn't find character
LOG: 2883132681 ERROR INT10:ReadChar didn't find character
LOG: 2883132681 ERROR INT10:ReadChar didn't find character
LOG: 2883132681 ERROR INT10:ReadChar didn't find character
LOG: 2883132681 ERROR INT10:ReadChar didn't find character
LOG: 2883132681 ERROR INT10:ReadChar didn't find character
LOG: 2883132681 ERROR INT10:ReadChar didn't find character
LOG: 2883132681 ERROR INT10:ReadChar didn't find character
LOG: 2883132681 ERROR INT10:ReadChar didn't find character
LOG: 2883132681 ERROR INT10:ReadChar didn't find character
LOG: 2883132681 ERROR INT10:ReadChar didn't find character
LOG: 2883132681 ERROR INT10:ReadChar didn't find character
LOG: 2883132681 ERROR INT10:ReadChar didn't find character
LOG: 2883132681 ERROR INT10:ReadChar didn't find character
LOG: 2883132681 ERROR INT10:ReadChar didn't find character
LOG: 2883132681 ERROR INT10:ReadChar didn't find character
LOG: 2883132681 ERROR INT10:ReadChar didn't find character
LOG: 2883132681 ERROR INT10:ReadChar didn't find character
LOG: 2883132681 ERROR INT10:ReadChar didn't find character
LOG: 2883132681 ERROR INT10:ReadChar didn't find character
LOG: 2883132681 ERROR INT10:ReadChar didn't find character
LOG: 2883132681 ERROR INT10:ReadChar didn't find character
LOG: 2883132681 ERROR INT10:ReadChar didn't find character
LOG: 2883132681 ERROR INT10:ReadChar didn't find character
LOG: 2883132681 ERROR INT10:ReadChar didn't find character
LOG: 2883132681 ERROR INT10:ReadChar didn't find character
LOG: 2883132681 ERROR INT10:ReadChar didn't find character
LOG: 2883132681 ERROR INT10:ReadChar didn't find character
LOG: 2883132681 ERROR INT10:ReadChar didn't find character
LOG: 2883132681 ERROR INT10:ReadChar didn't find character
LOG: 2883132681 ERROR INT10:ReadChar didn't find character
LOG: 2883132681 ERROR INT10:ReadChar didn't find character
LOG: 2883132681 ERROR INT10:ReadChar didn't find character
LOG: 2883132681 ERROR INT10:ReadChar didn't find character
LOG: 2883132681 ERROR INT10:ReadChar didn't find character
LOG: 2883132681 ERROR INT10:ReadChar didn't find character
LOG: 2883132681 ERROR INT10:ReadChar didn't find character
LOG: 2883132681 ERROR INT10:ReadChar didn't find character
LOG: 2883132681 ERROR INT10:ReadChar didn't find character
LOG: 2883132681 ERROR INT10:ReadChar didn't find character
LOG: 2883132681 ERROR INT10:ReadChar didn't find character
LOG: 2883132681 ERROR INT10:ReadChar didn't find character
LOG: 2883132681 ERROR INT10:ReadChar didn't find character
LOG: 2883132681 ERROR INT10:ReadChar didn't find character
LOG: 2883132681 ERROR INT10:ReadChar didn't find character
LOG: 2883132681 ERROR INT10:ReadChar didn't find character
LOG: 2883132681 ERROR INT10:ReadChar didn't find character
LOG: 2883132681 ERROR INT10:ReadChar didn't find character
LOG: 2883132681 ERROR INT10:ReadChar didn't find character
LOG: 2883132681 ERROR INT10:ReadChar didn't find character
LOG: 2883132681 ERROR INT10:ReadChar didn't find character
LOG: 2883132681 ERROR INT10:ReadChar didn't find character
LOG: 2883132681 ERROR INT10:ReadChar didn't find character
LOG: 2883132681 ERROR INT10:ReadChar didn't find character
LOG: 2883132681 ERROR INT10:ReadChar didn't find character
LOG: 2883132681 ERROR INT10:ReadChar didn't find character
LOG: 2883132681 ERROR INT10:ReadChar didn't find character
LOG: 2883132681 ERROR INT10:ReadChar didn't find character
LOG: 2883132681 ERROR INT10:ReadChar didn't find character
LOG: 2883132681 ERROR INT10:ReadChar didn't find character
LOG: 2883132681 ERROR INT10:ReadChar didn't find character
LOG: 2883132681 ERROR INT10:ReadChar didn't find character
LOG: 2883132681 ERROR INT10:ReadChar didn't find character
LOG: 2883132681 ERROR INT10:ReadChar didn't find character
LOG: 2883132681 ERROR INT10:ReadChar didn't find character
LOG: 2883132681 ERROR INT10:ReadChar didn't find character
LOG: 2883132681 ERROR INT10:ReadChar didn't find character
LOG: 2883132681 ERROR INT10:ReadChar didn't find character
LOG: 2883132681 ERROR INT10:ReadChar didn't find character
LOG: 2883132681 ERROR INT10:ReadChar didn't find character
LOG: 2883132681 ERROR INT10:ReadChar didn't find character
LOG: 2883132681 ERROR INT10:ReadChar didn't find character
LOG: 2883132681 ERROR INT10:ReadChar didn't find character
LOG: 2883132681 ERROR INT10:ReadChar didn't find character
LOG: 2883132681 ERROR INT10:ReadChar didn't find character
LOG: 2883132681 ERROR INT10:ReadChar didn't find character
LOG: 2883132681 ERROR INT10:ReadChar didn't find character
LOG: 2883132681 ERROR INT10:ReadChar didn't find character
LOG: 2883132681 ERROR INT10:ReadChar didn't find character
LOG: 2883132681 ERROR INT10:ReadChar didn't find character
LOG: 2883132681 ERROR INT10:ReadChar didn't find character
LOG: 2883132681 ERROR INT10:ReadChar didn't find character
LOG: 2883132681 ERROR INT10:ReadChar didn't find character
LOG: 2883132681 ERROR INT10:ReadChar didn't find character
LOG: 2883132681 ERROR INT10:ReadChar didn't find character
LOG: 2883132681 ERROR INT10:ReadChar didn't find character
LOG: 2883132681 ERROR INT10:ReadChar didn't find character
LOG: 2883132681 ERROR INT10:ReadChar didn't find character
LOG: 2883132681 ERROR INT10:ReadChar didn't find character
LOG: 2883132681 ERROR INT10:ReadChar didn't find character
LOG: 2883132681 ERROR INT10:ReadChar didn't find character
LOG: 2883132681 ERROR INT10:ReadChar didn't find character
LOG: 2883132681 ERROR INT10:ReadChar didn't find character
LOG: 2883132681 ERROR INT10:ReadChar didn't find character
LOG: 2883132681 ERROR INT10:ReadChar didn't find character
LOG: 2883132681 ERROR INT10:ReadChar didn't find character
LOG: 2883132681 ERROR INT10:ReadChar didn't find character
LOG: 2883132681 ERROR INT10:ReadChar didn't find character
LOG: 2883132681 ERROR INT10:ReadChar didn't find character
LOG: 2883132681 ERROR INT10:ReadChar didn't find character
LOG: 2883132681 ERROR INT10:ReadChar didn't find character
LOG: 2883132681 ERROR INT10:ReadChar didn't find character
LOG: 2883132681 ERROR INT10:ReadChar didn't find character
LOG: 2883132681 ERROR INT10:ReadChar didn't find character
LOG: 2883132681 ERROR INT10:ReadChar didn't find character
LOG: 2883132681 ERROR INT10:ReadChar didn't find character
LOG: 2883132681 ERROR INT10:ReadChar didn't find character
LOG: 2883132681 ERROR INT10:ReadChar didn't find character
LOG: 2883132681 ERROR INT10:ReadChar didn't find character
LOG: 2883132681 ERROR INT10:ReadChar didn't find character
LOG: 2883132681 ERROR INT10:ReadChar didn't find character
LOG: 2883132681 ERROR INT10:ReadChar didn't find character
LOG: 2883132681 ERROR INT10:ReadChar didn't find character
LOG: 2883132681 ERROR INT10:ReadChar didn't find character
LOG: 2883132681 ERROR INT10:ReadChar didn't find character
LOG: 2883132681 ERROR INT10:ReadChar didn't find character
LOG: 2883132681 ERROR INT10:ReadChar didn't find character
LOG: 2883132681 ERROR INT10:ReadChar didn't find character
LOG: 2883132681 ERROR INT10:ReadChar didn't find character
LOG: 2883132681 ERROR INT10:ReadChar didn't find character
LOG: 2883132681 ERROR INT10:ReadChar didn't find character
LOG: 2883132681 ERROR INT10:ReadChar didn't find character
LOG: 2883132681 ERROR INT10:ReadChar didn't find character
LOG: 2883132681 ERROR INT10:ReadChar didn't find character
LOG: 2883132681 ERROR INT10:ReadChar didn't find character
LOG: 2883132681 ERROR INT10:ReadChar didn't find character
LOG: 2883132681 ERROR INT10:ReadChar didn't find character
LOG: 2883132681 ERROR INT10:ReadChar didn't find character
LOG: 2883132681 ERROR INT10:ReadChar didn't find character
LOG: 2883132681 ERROR INT10:ReadChar didn't find character
LOG: 2883132681 ERROR INT10:ReadChar didn't find character
LOG: 2883132681 ERROR INT10:ReadChar didn't find character
LOG: 2883132681 ERROR INT10:ReadChar didn't find character
LOG: 2883132681 ERROR INT10:ReadChar didn't find character
LOG: 2883132681 ERROR INT10:ReadChar didn't find character
LOG: 2883132681 ERROR INT10:ReadChar didn't find character
LOG: 2883132681 ERROR INT10:ReadChar didn't find character
LOG: 2883132681 ERROR INT10:ReadChar didn't find character
LOG: 2883132681 ERROR INT10:ReadChar didn't find character
LOG: 2883132681 ERROR INT10:ReadChar didn't find character
LOG: 2883132681 ERROR INT10:ReadChar didn't find character
LOG: 2883132681 ERROR INT10:ReadChar didn't find character
LOG: 2883132681 ERROR INT10:ReadChar didn't find character
LOG: 2883132681 ERROR INT10:ReadChar didn't find character
LOG: 2883132681 ERROR INT10:ReadChar didn't find character
LOG: 2883132681 ERROR INT10:ReadChar didn't find character
LOG: 2883132681 ERROR INT10:ReadChar didn't find character
LOG: 2883132681 ERROR INT10:ReadChar didn't find character
LOG: 2883132681 ERROR INT10:ReadChar didn't find character
LOG: 2883132681 ERROR INT10:ReadChar didn't find character
LOG: 2883132681 ERROR INT10:ReadChar didn't find character
LOG: 2883132681 ERROR INT10:ReadChar didn't find character
LOG: 2883132681 ERROR INT10:ReadChar didn't find character
LOG: 2883132681 ERROR INT10:ReadChar didn't find character
LOG: 2883132681 ERROR INT10:ReadChar didn't find character
LOG: 2883132681 ERROR INT10:ReadChar didn't find character
LOG: 2883132681 ERROR INT10:ReadChar didn't find character
LOG: 2883132681 ERROR INT10:ReadChar didn't find character
LOG: 2883132681 ERROR INT10:ReadChar didn't find character
LOG: 2883132681 ERROR INT10:ReadChar didn't find character
LOG: 2883132681 ERROR INT10:ReadChar didn't find character
LOG: 2883132681 ERROR INT10:ReadChar didn't find character
LOG: 2883132681 ERROR INT10:ReadChar didn't find character
LOG: 2883132681 ERROR INT10:ReadChar didn't find character
LOG: 2883132681 ERROR INT10:ReadChar didn't find character
LOG: 2883132681 ERROR INT10:ReadChar didn't find character
LOG: 2883132681 ERROR INT10:ReadChar didn't find character
LOG: 2883132681 ERROR INT10:ReadChar didn't find character
LOG: 2883132681 ERROR INT10:ReadChar didn't find character
LOG: 2883132681 ERROR INT10:ReadChar didn't find character
LOG: 2883132681 ERROR INT10:ReadChar didn't find character
LOG: 2883132681 ERROR INT10:ReadChar didn't find character
LOG: 2883132681 ERROR INT10:ReadChar didn't find character
LOG: 2883132681 ERROR INT10:ReadChar didn't find character
LOG: 2883132681 ERROR INT10:ReadChar didn't find character
LOG: 2883132681 ERROR INT10:ReadChar didn't find character
LOG: 2883132681 ERROR INT10:ReadChar didn't find character
LOG: 2883132681 ERROR INT10:ReadChar didn't find character
LOG: 2883132681 ERROR INT10:ReadChar didn't find character
LOG: 2883132681 ERROR INT10:ReadChar didn't find character
LOG: 2883132681 ERROR INT10:ReadChar didn't find character
LOG: 2883132681 ERROR INT10:ReadChar didn't find character
LOG: 2883132681 ERROR INT10:ReadChar didn't find character
LOG: 2883132681 ERROR INT10:ReadChar didn't find character
LOG: 2883132681 ERROR INT10:ReadChar didn't find character
LOG: 2883132681 ERROR INT10:ReadChar didn't find character
LOG: 2883132681 ERROR INT10:ReadChar didn't find character
LOG: 2883132681 ERROR INT10:ReadChar didn't find character
LOG: 2883132681 ERROR INT10:ReadChar didn't find character
LOG: 2883132681 ERROR INT10:ReadChar didn't find character
LOG: 2883132681 ERROR INT10:ReadChar didn't find character
LOG: 2883132681 ERROR INT10:ReadChar didn't find character
LOG: 2883132681 ERROR INT10:ReadChar didn't find character
LOG: 2883132681 ERROR INT10:ReadChar didn't find character
LOG: 2883132681 ERROR INT10:ReadChar didn't find character
LOG: 2883132681 ERROR INT10:ReadChar didn't find character
LOG: 2883132681 ERROR INT10:ReadChar didn't find character
LOG: 2883132681 ERROR INT10:ReadChar didn't find character
LOG: 2883132681 ERROR INT10:ReadChar didn't find character
LOG: 2883132681 ERROR INT10:ReadChar didn't find character
LOG: 2883132681 ERROR INT10:ReadChar didn't find character
LOG: 2883132681 ERROR INT10:ReadChar didn't find character
LOG: 2883132681 ERROR INT10:ReadChar didn't find character
LOG: 2883132681 ERROR INT10:ReadChar didn't find character
LOG: 2883132681 ERROR INT10:ReadChar didn't find character
LOG: 2883132681 ERROR INT10:ReadChar didn't find character
LOG: 2883132681 ERROR INT10:ReadChar didn't find character
LOG: 2883132681 ERROR INT10:ReadChar didn't find character
LOG: 2883132681 ERROR INT10:ReadChar didn't find character
LOG: 2883132681 ERROR INT10:ReadChar didn't find character
LOG: 2883132681 ERROR INT10:ReadChar didn't find character
LOG: 2883132681 ERROR INT10:ReadChar didn't find character
LOG: 2883132681 ERROR INT10:ReadChar didn't find character
LOG: 2883132681 ERROR INT10:ReadChar didn't find character
LOG: 2883132681 ERROR INT10:ReadChar didn't find character
LOG: 2883132681 ERROR INT10:ReadChar didn't find character
LOG: 2883132681 ERROR INT10:ReadChar didn't find character
LOG: 2883132681 ERROR INT10:ReadChar didn't find character
LOG: 2883132681 ERROR INT10:ReadChar didn't find character
LOG: 2883132681 ERROR INT10:ReadChar didn't find character
LOG: 2883132681 ERROR INT10:ReadChar didn't find character
LOG: 2883132681 ERROR INT10:ReadChar didn't find character
LOG: 2883132681 ERROR INT10:ReadChar didn't find character
LOG: 2883132681 ERROR INT10:ReadChar didn't find character
LOG: 2883132681 ERROR INT10:ReadChar didn't find character
LOG: 2883132681 ERROR INT10:ReadChar didn't find character
LOG: 2883132681 ERROR INT10:ReadChar didn't find character
LOG: 2883132681 ERROR INT10:ReadChar didn't find character
LOG: 2883132681 ERROR INT10:ReadChar didn't find character
LOG: 2883132681 ERROR INT10:ReadChar didn't find character
LOG: 2883132681 ERROR INT10:ReadChar didn't find character
LOG: 2883132681 ERROR INT10:ReadChar didn't find character
LOG: 2883132681 ERROR INT10:ReadChar didn't find character
LOG: 2883132681 ERROR INT10:ReadChar didn't find character
LOG: 2883132681 ERROR INT10:ReadChar didn't find character
LOG: 2883132681 ERROR INT10:ReadChar didn't find character
LOG: 2883132681 ERROR INT10:ReadChar didn't find character
LOG: 2883132681 ERROR INT10:ReadChar didn't find character
LOG: 2883132681 ERROR INT10:ReadChar didn't find character
LOG: 2883132681 ERROR INT10:ReadChar didn't find character
LOG: 2883132681 ERROR INT10:ReadChar didn't find character
LOG: 2883132681 ERROR INT10:ReadChar didn't find character
LOG: 2883132681 ERROR INT10:ReadChar didn't find character
LOG: 2883132681 ERROR INT10:ReadChar didn't find character
LOG: 2883132681 ERROR INT10:ReadChar didn't find character
LOG: 2883132681 ERROR INT10:ReadChar didn't find character
LOG: 2883132681 ERROR INT10:ReadChar didn't find character
LOG: 2883132681 ERROR INT10:ReadChar didn't find character
LOG: 2883132681 ERROR INT10:ReadChar didn't find character
LOG: 2883132681 ERROR INT10:ReadChar didn't find character
LOG: 2883132681 ERROR INT10:ReadChar didn't find character
LOG: 2883132681 ERROR INT10:ReadChar didn't find character
LOG: 2883132681 ERROR INT10:ReadChar didn't find character
LOG: 2883132681 ERROR INT10:ReadChar didn't find character
LOG: 2883132681 ERROR INT10:ReadChar didn't find character
LOG: 2883132681 ERROR INT10:ReadChar didn't find character
LOG: 2883132681 ERROR INT10:ReadChar didn't find character
LOG: 2883132681 ERROR INT10:ReadChar didn't find character
LOG: 2883132681 ERROR INT10:ReadChar didn't find character
LOG: 2883132681 ERROR INT10:ReadChar didn't find character
LOG: 2883132681 ERROR INT10:ReadChar didn't find character
LOG: 2883132681 ERROR INT10:ReadChar didn't find character
LOG: 2883132681 ERROR INT10:ReadChar didn't find character
LOG: 2883132681 ERROR INT10:ReadChar didn't find character
LOG: 2883132681 ERROR INT10:ReadChar didn't find character
LOG: 2883132681 ERROR INT10:ReadChar didn't find character
LOG: 2883132681 ERROR INT10:ReadChar didn't find character
LOG: 2883132681 ERROR INT10:ReadChar didn't find character
LOG: 2883132681 ERROR INT10:ReadChar didn't find character
LOG: 2883132681 ERROR INT10:ReadChar didn't find character
LOG: 2883132681 ERROR INT10:ReadChar didn't find character
LOG: 2883132681 ERROR INT10:ReadChar didn't find character
LOG: 2883132681 ERROR INT10:ReadChar didn't find character
LOG: 2883132681 ERROR INT10:ReadChar didn't find character
LOG: 2883132681 ERROR INT10:ReadChar didn't find character
LOG: 2883132681 ERROR INT10:ReadChar didn't find character
LOG: 2883132681 ERROR INT10:ReadChar didn't find character
LOG: 2883132681 ERROR INT10:ReadChar didn't find character
LOG: 2883132681 ERROR INT10:ReadChar didn't find character
LOG: 2883132681 ERROR INT10:ReadChar didn't find character
LOG: 2883132681 ERROR INT10:ReadChar didn't find character
LOG: 2883132681 ERROR INT10:ReadChar didn't find character
LOG: 2883132681 ERROR INT10:ReadChar didn't find character
LOG: 2883132681 ERROR INT10:ReadChar didn't find character
LOG: 2883132681 ERROR INT10:ReadChar didn't find character
LOG: 2883132681 ERROR INT10:ReadChar didn't find character
LOG: 2883132681 ERROR INT10:ReadChar didn't find character
LOG: 2883132681 ERROR INT10:ReadChar didn't find character
LOG: 2883132681 ERROR INT10:ReadChar didn't find character
LOG: 2883132681 ERROR INT10:ReadChar didn't find character
LOG: 2883132681 ERROR INT10:ReadChar didn't find character
LOG: 2883132681 ERROR INT10:ReadChar didn't find character
LOG: 2883132681 ERROR INT10:ReadChar didn't find character
LOG: 2883132681 ERROR INT10:ReadChar didn't find character
LOG: 2883132681 ERROR INT10:ReadChar didn't find character
LOG: 2883132681 ERROR INT10:ReadChar didn't find character
LOG: 2883132681 ERROR INT10:ReadChar didn't find character
LOG: 2883132681 ERROR INT10:ReadChar didn't find character
LOG: 2883132681 ERROR INT10:ReadChar didn't find character
LOG: 2883132681 ERROR INT10:ReadChar didn't find character
LOG: 2883132681 ERROR INT10:ReadChar didn't find character
LOG: 2883132681 ERROR INT10:ReadChar didn't find character
LOG: 2883132681 ERROR INT10:ReadChar didn't find character
LOG: 2883132681 ERROR INT10:ReadChar didn't find character
LOG: 2883132681 ERROR INT10:ReadChar didn't find character
LOG: 2883132681 ERROR INT10:ReadChar didn't find character
LOG: 2883132681 ERROR INT10:ReadChar didn't find character
LOG: 2883132681 ERROR INT10:ReadChar didn't find character
LOG: 2883132681 ERROR INT10:ReadChar didn't find character
LOG: 2883132681 ERROR INT10:ReadChar didn't find character
LOG: 2883132681 ERROR INT10:ReadChar didn't find character
LOG: 2883132681 ERROR INT10:ReadChar didn't find character
LOG: 2883132681 ERROR INT10:ReadChar didn't find character
LOG: 2883132681 ERROR INT10:ReadChar didn't find character
LOG: 2883132681 ERROR INT10:ReadChar didn't find character
LOG: 2883132681 ERROR INT10:ReadChar didn't find character
LOG: 2883132681 ERROR INT10:ReadChar didn't find character
LOG: 2883132681 ERROR INT10:ReadChar didn't find character
LOG: 2883132681 ERROR INT10:ReadChar didn't find character
LOG: 2883132681 ERROR INT10:ReadChar didn't find character
LOG: 2883132681 ERROR INT10:ReadChar didn't find character
LOG: 2883132681 ERROR INT10:ReadChar didn't find character
LOG: 2883132681 ERROR INT10:ReadChar didn't find character
LOG: 2883132681 ERROR INT10:ReadChar didn't find character
LOG: 2883132681 ERROR INT10:ReadChar didn't find character
LOG: 2883132681 ERROR INT10:ReadChar didn't find character
LOG: 2883132681 ERROR INT10:ReadChar didn't find character
LOG: 2883132681 ERROR INT10:ReadChar didn't find character
LOG: 2883132681 ERROR INT10:ReadChar didn't find character
LOG: 2883132681 ERROR INT10:ReadChar didn't find character
LOG: 2883132681 ERROR INT10:ReadChar didn't find character
LOG: 2883132681 ERROR INT10:ReadChar didn't find character
LOG: 2883132681 ERROR INT10:ReadChar didn't find character
LOG: 2883132681 ERROR INT10:ReadChar didn't find character
LOG: 2883132681 ERROR INT10:ReadChar didn't find character
LOG: 2883132681 ERROR INT10:ReadChar didn't find character
LOG: 2883132681 ERROR INT10:ReadChar didn't find character
LOG: 2883132681 ERROR INT10:ReadChar didn't find character
LOG: 2883132681 ERROR INT10:ReadChar didn't find character
LOG: 2883132681 ERROR INT10:ReadChar didn't find character
LOG: 2883132681 ERROR INT10:ReadChar didn't find character
LOG: 2883132681 ERROR INT10:ReadChar didn't find character
LOG: 2883132681 ERROR INT10:ReadChar didn't find character
LOG: 2883132681 ERROR INT10:ReadChar didn't find character
LOG: 2883132681 ERROR INT10:ReadChar didn't find character
LOG: 2883132681 ERROR INT10:ReadChar didn't find character
LOG: 2883132681 ERROR INT10:ReadChar didn't find character
LOG: 2883132681 ERROR INT10:ReadChar didn't find character
LOG: 2883132681 ERROR INT10:ReadChar didn't find character
LOG: 2883132681 ERROR INT10:ReadChar didn't find character
LOG: 2883132681 ERROR INT10:ReadChar didn't find character
LOG: 2883132681 ERROR INT10:ReadChar didn't find character
LOG: 2883132681 ERROR INT10:ReadChar didn't find character
LOG: 2883132681 ERROR INT10:ReadChar didn't find character
